"node","x","density"
1,-0.37818392371744,0.000349181449022498
1,-0.308842702917081,0.00316720314762022
1,-0.232866786605761,0.0287238193863682
1,-0.147325827289997,0.248452162037774
1,-0.108625607039673,0.5626688897011
1,-0.0761061336268517,1.01128190190151
1,-0.0390853352631065,1.73464409862926
1,-0.0141368447438037,2.29912178259642
1,0.00578898841822785,2.74302441262498
1,0.0230130120114364,3.08666141742951
1,0.0386339480835208,3.34297870075338
1,0.0532579091099803,3.52053505852549
1,0.0603371648178092,3.58196246118127
1,0.0673124292948081,3.62601240386442
1,0.0742119902571581,3.6532116745384
1,0.0810747597573201,3.66409418142397
1,0.0838193080636344,3.66398025898733
1,0.086565440341827,3.66134820273838
1,0.0879394954490908,3.65909531625458
1,0.0893144219015675,3.6562220278193
1,0.0920675299646668,3.64862713142806
1,0.0948260567025959,3.63858958301981
1,0.0975913124491636,3.62613589159642
1,0.100364629098318,3.61129296153832
1,0.101755167701828,3.60298136409277
1,0.103149712145689,3.59407272459236
1,0.105951584393128,3.57447124573291
1,0.108771571704097,3.55250462149283
1,0.11590967270287,3.48736032708897
1,0.12319191807355,3.40786453749233
1,0.130650153999004,3.3143019221411
1,0.13834949007663,3.20652602273106
1,0.154637916934283,2.9491395297031
1,0.172597752490339,2.63560815395593
1,0.193056648447022,2.2648729584473
1,0.217544673813508,1.83317905688861
1,0.249337749624217,1.33279629938788
1,0.298436580416368,0.746356207343773
1,0.342860607443144,0.407529498745297
1,0.396363365505825,0.179788315451376
1,0.511322962428181,0.0222923710809298
1,0.603019634157771,0.00296655322039473
1,0.65761461289667,0.000745806175919093
2,-0.37834052958426,0.00037753817675718
2,-0.312326645933474,0.00328461191108288
2,-0.238973958583634,0.0297004956027838
2,-0.156208543506197,0.257363875556048
2,-0.118971356545942,0.58635194023049
2,-0.0878877912923799,1.06108007354045
2,-0.0527740511576943,1.83613299733829
2,-0.0292874161086721,2.44850378993538
2,-0.0106309028180605,2.93566484134634
2,0.00542370227399965,3.31760595832402
2,0.019926035397303,3.6070771232286
2,0.0334525289445649,3.81237898526908
2,0.0399840416206872,3.88561908551053
2,0.0464079993501539,3.94004157511301
2,0.0527508721981589,3.97612969838078
2,0.0590528638052316,3.99440914725116
2,0.0615700114749522,3.99682411009787
2,0.0640868478155211,3.9964704492761
2,0.0653455192039824,3.99526199275545
2,0.06660455724477,3.99336956196258
2,0.0691243292564498,3.98754433562512
2,0.0716473613906763,3.97901815420569
2,0.0741748623108634,3.96781480010548
2,0.0767082525702304,3.95395724408384
2,0.0779787790437624,3.94603274911007
2,0.0792525395443626,3.93744388423416
2,0.0818103542288654,3.9182792378738
2,0.0843829056633465,3.89647643870705
2,0.090887095889703,3.83052446405112
2,0.0975123006316726,3.74844076923819
2,0.104290505113648,3.65041594542382
2,0.111278533063681,3.53625597810157
2,0.126032624732928,3.26020791976468
2,0.142265399360141,2.91965174082488
2,0.160721968707759,2.51316787008679
2,0.182780045477729,2.03660539877947
2,0.211389132360821,1.48175454763446
2,0.255551165345333,0.829792058887536
2,0.295535879735294,0.452364945661205
2,0.343843277820154,0.198552405053373
2,0.448783545441543,0.0242258292573653
2,0.533736541723169,0.00317372282709518
2,0.585626752630755,0.000767776809031892
3,-0.382932823972028,0.000441168563173952
3,-0.322700299858093,0.00348251887961239
3,-0.253101116997128,0.0311925541924448
3,-0.173880545741903,0.268185454547753
3,-0.138209064654894,0.613450987956657
3,-0.108623573452034,1.11812209211079
3,-0.075505740334658,1.95715305113783
3,-0.0535805385284798,2.63254145193667
3,-0.0363007204990517,3.17908995592603
3,-0.0215291213073451,3.61551846463329
3,-0.00826451077139598,3.95380849811091
3,0.00403900274151565,4.20154380102581
3,0.00995724566609071,4.29348472227724
3,0.0157618331708404,4.36478499495667
3,0.0214784589181625,4.4158551816481
3,0.0271476815126909,4.44719955559311
3,0.0294077221600934,4.45427560414039
3,0.0316650199132507,4.45825153489337
3,0.0327929764761718,4.45908211071492
3,0.0339206503171704,4.45914396946044
3,0.0361756855454454,4.45697034634982
3,0.0384311971530877,4.4517485720036
3,0.0406882588521909,4.44349698751613
3,0.0429499570832298,4.43222351314273
3,0.0440839036096138,4.42545155236689
3,0.045220097396848,4.41792359183062
3,0.0474997677432236,4.40060254403367
3,0.0497900683796002,4.38026670405025
3,0.0555698404118476,4.31628838849389
3,0.0614419256904032,4.23367679753382
3,0.0674396072498563,4.1324189125825
3,0.073608031582282,4.01225493698039
3,0.0865862429094827,3.71540268295497
3,0.10080553109122,3.34112619607496
3,0.116909420986826,2.88675149146283
3,0.136088271114911,2.3466556126599
3,0.160894004358082,1.71104492512129
3,0.199124656722165,0.958891818726138
3,0.233743590617362,0.5221425472078
3,0.275672615525175,0.228189625677542
3,0.367876710244591,0.0272578621696399
3,0.444531007947461,0.00343453760351332
3,0.494754524591973,0.000740605293119348
4,-0.442250429039382,0.000720987958443933
4,-0.39367854962508,0.00369202648427857
4,-0.324061463399124,0.0304861601452844
4,-0.242045889304235,0.256560471103093
4,-0.204661364811316,0.584302277992776
4,-0.17367558674355,1.06996015565317
4,-0.139376028764751,1.90560701624209
4,-0.117083734970846,2.60950255254853
4,-0.0998175985718798,3.20404648898683
4,-0.0852897741768189,3.7003163710235
4,-0.0724335126579665,4.10514736559415
4,-0.0606714386573374,4.42224194582319
4,-0.0550704746596586,4.54899034312609
4,-0.0496168905725647,4.65461062703173
4,-0.0442729806645446,4.73940678503978
4,-0.0390057519754187,4.80353430745852
4,-0.0369164913552513,4.82337551407951
4,-0.0348357407995671,4.83989237908375
4,-0.0337982410250212,4.84690369503091
4,-0.032762492713262,4.85308344698546
4,-0.0306957616681291,4.86294812053309
4,-0.0286333357164224,4.86948993018247
4,-0.0265712549976077,4.87270930732897
4,-0.0245084210152065,4.8725918613245
4,-0.0234764189819991,4.87127732566077
4,-0.0224438651151058,4.86912325178386
4,-0.0203766144166195,4.86228972680006
4,-0.0183056893436986,4.85207824947125
4,-0.0131057831087546,4.81170448049444
4,-0.00785686433525569,4.74997016850563
4,-0.00252062845911129,4.66638594128686
4,0.00292766641068011,4.56057550804276
4,0.0142751322636986,4.28061184038318
4,0.0265406907947016,3.90422502980114
4,0.0402342865072238,3.42410517133193
4,0.0562931807803443,2.82836356613517
4,0.0767182711715547,2.09814174719285
4,0.107625545555413,1.19758691924814
4,0.135225793700413,0.65804988477478
4,0.168438462285223,0.288465330790423
4,0.242036861506463,0.0335331142900461
4,0.306872750387636,0.00374782884083345
4,0.361797581716719,0.000500169444336775
5,-0.404182317708311,0.000772889275988877
5,-0.359310023104579,0.00401967481705265
5,-0.295489995435131,0.0332688152174462
5,-0.220272845183739,0.279467754200914
5,-0.185930950074226,0.635690524375234
5,-0.157433203179203,1.1627577087253
5,-0.125852094156898,2.0685331520399
5,-0.105309791996611,2.83106493833091
5,-0.0893928664054631,3.4751336926587
5,-0.075997724696454,4.01290063646057
5,-0.0641429363314761,4.45181448707726
5,-0.0532973287760178,4.7958814755661
5,-0.0481329423929478,4.93353821626644
5,-0.0431047850914904,5.04834613029629
5,-0.0381779384159735,5.14063652915843
5,-0.0333220822107051,5.21057191403552
5,-0.0313961075638847,5.23226074813662
5,-0.0294780563746233,5.2503525816694
5,-0.0285217136782167,5.25804899258642
5,-0.0275670084317817,5.2648455202862
5,-0.0256620641102061,5.27573865700764
5,-0.0237610946406724,5.2830360583507
5,-0.0218604846273207,5.28673778308423
5,-0.01995925358248,5.28682766677363
5,-0.0190081287989898,5.28551315135746
5,-0.0180565167463607,5.28328973907098
5,-0.0161513858014546,5.27610870971862
5,-0.0142429666665568,5.26527012291188
5,-0.00945158748758105,5.22209790151378
5,-0.00461562174433741,5.1557873290128
5,0.000300254268489628,5.06580051324084
5,0.0053185335690233,4.95172381060364
5,0.0157675963526669,4.64945462461478
5,0.0270576366810043,4.24253976177531
5,0.0396559141518446,3.7229156351035
5,0.0544207353100836,3.07748290235238
5,0.0731832326347465,2.28539514751239
5,0.101534102343395,1.30687465626791
5,0.126805649086418,0.719392957370634
5,0.157154385644842,0.316065928307278
5,0.224172513776081,0.0369010941761988
5,0.283064228918848,0.00412058745344385
5,0.33349553334784,0.0005354288543101
6,-0.368199546944073,0.00074989871929035
6,-0.324137397846402,0.00421366126507494
6,-0.264027672196476,0.0355214810636502
6,-0.19371052963245,0.299421015134034
6,-0.161683259804134,0.6821758359824
6,-0.135138557231743,1.24866859846104
6,-0.105713916439111,2.21872840718924
6,-0.0865380936548338,3.02974497317951
6,-0.0716437269577704,3.70979565471925
6,-0.0590780829063965,4.27330245540095
6,-0.0479306077019055,4.72933494608635
6,-0.0377085921904511,5.08304748950547
6,-0.0328325521598935,5.22303850303069
6,-0.0280791612120827,5.33865499094854
6,-0.0234182409787808,5.43025288627005
6,-0.0188188844136487,5.49812335469707
6,-0.0169930718296619,5.51861514694951
6,-0.0151738784443334,5.53530351585571
6,-0.0142664923872249,5.54222202488492
6,-0.0133604374156724,5.54819052821353
6,-0.0115518985327242,5.55727920683111
6,-0.00974698614692598,5.56257443735626
6,-0.00794195209932027,5.56408013258163
6,-0.00613542948481288,5.56178449788361
6,-0.00523134945070041,5.55920707384864
6,-0.00432658396295388,5.55567448476197
6,-0.0025145750157962,5.54573782966548
6,-0.00069855386923523,5.53196310417945
6,0.00386472190861441,5.48067940317301
6,0.00847472328821548,5.40521684539242
6,0.0131653921506848,5.30506119870248
6,0.0179596549952991,5.17981887188396
6,0.0279588824013495,4.85249542108764
6,0.0387880579919833,4.41711164225749
6,0.0509017728207594,3.86604026735154
6,0.0651371500569441,3.18664758369896
6,0.0832823185282617,2.35878918727889
6,0.110798857516555,1.3438451804707
6,0.135394700825481,0.738398284559773
6,0.164971807756162,0.324248172573543
6,0.230230129001113,0.0379732903604188
6,0.287266157700876,0.00428608842757514
6,0.334665774536373,0.000591918258454033
7,-0.315070368063484,0.000739129100736297
7,-0.273274289998721,0.0046123041471342
7,-0.219226524442794,0.0397517470469854
7,-0.156595191210367,0.33719899354233
7,-0.128192945452884,0.770108164408092
7,-0.104680886331895,1.40957113870942
7,-0.0785697923488958,2.49594722541473
7,-0.06148347677607,3.39381278694133
7,-0.0481558261738859,4.13858043532992
7,-0.0368676199403368,4.74903473422254
7,-0.026816879164913,5.23714289861282
7,-0.0175694698713318,5.61002329929396
7,-0.0131472261118665,5.75527117874934
7,-0.00882862714401641,5.87347331175061
7,-0.00458944180875157,5.96504834101184
7,-0.000399529587810805,6.03046443130985
7,0.00126574102213968,6.04931664530274
7,0.00292609577792968,6.06399778202975
7,0.00375467313546618,6.06977670724453
7,0.00458231213314798,6.07451600216324
7,0.00623515606774803,6.08088046461083
7,0.00788538910662019,6.08310129946178
7,0.00953575375699814,6.08118577097918
7,0.0111886185964744,6.07512746167509
7,0.0120162227299611,6.07054194981088
7,0.0128447339555456,6.06491749316395
7,0.0145048592957306,6.05054801478226
7,0.0161697650477796,6.03201222952238
7,0.0203581211923879,5.96741837160422
7,0.0245949890250587,5.87672284945288
7,0.0289110751255262,5.75945957022348
7,0.033329737322137,5.61524093730488
7,0.0425658320526034,5.24474523425408
7,0.052598528102923,4.75948157680239
7,0.0638559821059805,4.15232193806217
7,0.077128610252916,3.41103725679399
7,0.094106067531489,2.5159258448327
7,0.119945107534937,1.42856094750935
7,0.143092143365487,0.78422006767255
7,0.170930964337022,0.34466637159485
7,0.232172230012768,0.0406116186657555
7,0.285210588514875,0.00466347608425095
7,0.327570332925249,0.000695755428242228
8,-0.267898751224364,0.000713987805606286
8,-0.228630163177465,0.00517199586862506
8,-0.181255748436497,0.0455842192890056
8,-0.126702732366102,0.387085136257545
8,-0.101926572136342,0.881537080098904
8,-0.0813288356096716,1.60490886500981
8,-0.0582882183076458,2.81670428712356
8,-0.0430897885545241,3.8035471524697
8,-0.0311607219719806,4.61229744030037
8,-0.0210053178839182,5.26765221974199
8,-0.0119237829341004,5.78517432276423
8,-0.00353649070185959,6.17433836897514
8,0.000485376296146001,6.3233857794387
8,0.00442020263463402,6.44273561292636
8,0.00828728032115905,6.53289391962297
8,0.0121152638829453,6.5944996722643
8,0.0136385533603122,6.61118621839965
8,0.0151583685564921,6.62334327375212
8,0.0159171868831189,6.62772775265288
8,0.0166753920158481,6.63098542720591
8,0.0181902993428272,6.63412849575254
8,0.0197037607079034,6.63278947021219
8,0.0212171337195741,6.62698302395428
8,0.0227336153751204,6.61670446059441
8,0.0234933164464723,6.60988635026162
8,0.0242541025055807,6.60194836930058
8,0.0257792686152958,6.58271138673253
8,0.027309800119051,6.55899161596375
8,0.0311642424856324,6.4800855424132
8,0.0350683502751431,6.37323352214929
8,0.0390491963749559,6.23804613123941
8,0.0431307262956933,6.07410933609988
8,0.051678148516302,5.65919105371945
8,0.0609855502278665,5.12307100756101
8,0.0714538753722855,4.4589767754797
8,0.0838245568498055,3.65478736658134
8,0.0996821391230041,2.69057534705377
8,0.123853616780025,1.52644458832243
8,0.145507186605984,0.83873599739158
8,0.171506182570436,0.369534293364014
8,0.228411307128689,0.0439168144123641
8,0.277145388836351,0.00513379243708766
8,0.314865805373262,0.000810185737440554
9,-0.268463892569037,0.000836922743242999
9,-0.233040556057707,0.00555642282622398
9,-0.188355391099651,0.0480446010909996
9,-0.136380508130773,0.404934579666906
9,-0.112673817794182,0.920614218761082
9,-0.0929579759823583,1.67731701405967
9,-0.0709560715478564,2.95506680239336
9,-0.0565034524676778,4.00702231530122
9,-0.0452061953133381,4.87833054547791
9,-0.0356254005247936,5.59238917234235
9,-0.0270884202227106,6.16379854072375
9,-0.0192312685262108,6.60112353579109
9,-0.0154731953152453,6.77190900759119
9,-0.0118034140398115,6.91124671674618
9,-0.00820151161899864,7.01963028698608
9,-0.00464159039790716,7.09760845595999
9,-0.00322684714725811,7.12029189048225
9,-0.00181640670391626,7.138121145686
9,-0.00111260282281231,7.14521793693942
9,-0.000409639266267889,7.15110434938184
9,0.000994075163565489,7.15925112905256
9,0.00239536855926084,7.16257259404542
9,0.0037967910970407,7.16107686919397
9,0.00520022561588527,7.15475437954164
9,0.00590288761126923,7.14977905548653
9,0.00660628172490597,7.14359236957365
9,0.00801557607693836,7.12757953515934
9,0.00942873369665011,7.10670606194129
9,0.0129827230019153,7.03321549604118
9,0.0165762636545667,6.92923081280688
9,0.0202358733635017,6.79415039363948
9,0.0239805539923113,6.62748568887721
9,0.031800807077762,6.19777510866245
9,0.0402845348204432,5.63277458716155
9,0.0497883181891333,4.92331913691528
9,0.0609702092625285,4.05386496556603
9,0.0752352124474621,2.99927489252462
9,0.0968648220624614,1.71056508387658
9,0.116164164386264,0.942318379536529
9,0.139291856348384,0.415699210100635
9,0.189881195276675,0.0493250217174208
9,0.233563029221373,0.00562921507750382
9,0.2694853152221,0.000785174050625521
10,-0.267389679668711,0.000936749053670215
10,-0.234771169027257,0.00593512497003701
10,-0.192533876536533,0.0505671792515799
10,-0.14297807829744,0.423426588579218
10,-0.120278528537838,0.960372836845112
10,-0.101368922982653,1.74812587994775
10,-0.0802682520998479,3.08279244590559
10,-0.0664303743449766,4.18864201146214
10,-0.0556373114927972,5.11095865118829
10,-0.0465049319668161,5.87259320348696
10,-0.0383859305357582,6.48754862514623
10,-0.0309303511239455,6.963725819518
10,-0.0273704562087194,7.15201850195136
10,-0.0238986963278185,7.30743261915443
10,-0.020493880581017,7.43047086448505
10,-0.0171326304151278,7.52158213368866
10,-0.0157980553117812,7.54906820657595
10,-0.0144682407571879,7.57143467700992
10,-0.0138049341092489,7.58069888226612
10,-0.0131425975809387,7.5886843960802
10,-0.011820548024909,7.60082199904705
10,-0.0105012264670804,7.60785497563384
10,-0.00918176539402332,7.6097893833471
10,-0.00786111274793089,7.60660787131179
10,-0.00720016157239574,7.60309257230352
10,-0.00653869839112154,7.59829119199651
10,-0.00521394785126567,7.58482160354508
10,-0.00388628112835624,7.5661829440686
10,-0.000550485657161905,7.49689321559811
10,0.00281867573141855,7.3950236753447
10,0.0062464307255249,7.25983222608238
10,0.00974895948773968,7.09074687812203
10,0.0170492999162157,6.64859438317098
10,0.0249476579066979,6.05972111534257
10,0.0337699498734316,5.312983498123
10,0.0441161605071203,4.389968131106
10,0.057265770762857,3.26098730042479
10,0.0771156822006836,1.86859438858177
10,0.0947619596771122,1.03203814375138
10,0.115865015922731,0.455889548114011
10,0.16198554926904,0.0540770980540424
10,0.201912733266529,0.00611418649958844
10,0.235925773332239,0.000788785422799988
11,-0.228038886155842,0.000890177394572099
11,-0.197209245787133,0.00665135947218193
11,-0.160275442832227,0.0582322912489871
11,-0.11727348854898,0.487358647300927
11,-0.0975114732787449,1.10108065103174
11,-0.0809681051199413,1.99266835591254
11,-0.0623655021156482,3.48139990908897
11,-0.0500612095454845,4.69479521426962
11,-0.0403979294149145,5.69256943804608
11,-0.0321736156942099,6.50525417211793
11,-0.0248247702405158,7.15161726799364
11,-0.018045984673762,7.64276994871294
11,-0.0147985510680117,7.83319329860338
11,-0.0116243228043417,7.98751198800766
11,-0.0085071307445546,8.10631682500383
11,-0.00542372130090779,8.19033221566748
11,-0.00419759809738271,8.21421735204266
11,-0.00297481973903926,8.23255929914624
11,-0.0023645230036263,8.23965523952128
11,-0.00175486913759917,8.24537003370407
11,-0.00053723616348304,8.25266356086554
11,0.000678583303282046,8.25445586423546
11,0.00189433244811305,8.2507589351749
11,0.00311221692575178,8.2415630538212
11,0.00372212080679419,8.23489881498585
11,0.00433275037586014,8.22685506423342
11,0.00555644318187194,8.20662385817298
11,0.00678381374425308,8.18086040729326
11,0.00987181644470139,8.09221527110869
11,0.0129954167066178,7.96892615596156
11,0.0161775703982864,7.81033001412772
11,0.019435329462962,7.61585386988866
11,0.0262419521847159,7.11756340773076
11,0.0336302513401623,6.46579830184755
11,0.0419096948473818,5.65014303075906
11,0.0516518419390509,4.65275315403733
11,0.0640763490339749,3.44450056233492
11,0.0828936990530365,1.96809929725404
11,0.0996495188007136,1.0866831998954
11,0.119674164198506,0.480949191592463
11,0.16322868414992,0.057540507153008
11,0.200549539516666,0.00660865881431454
11,0.231211625439152,0.00091418274850617
12,-0.233627488572706,0.000965543898315961
12,-0.204318623498833,0.0068763247225644
12,-0.16835781669585,0.0596283033666734
12,-0.126252044212471,0.496650719074233
12,-0.106845790286077,1.12054930740349
12,-0.0905903835192096,2.02805655508198
12,-0.0723304501002848,3.54988110120591
12,-0.060279674605311,4.79838299967408
12,-0.0508380673911864,5.83194351204735
12,-0.0428211215165974,6.67995919484991
12,-0.0356736202678198,7.36030152896273
12,-0.0290951265406455,7.88324305145457
12,-0.0259488383136419,8.08854470427328
12,-0.0228773390569289,8.25689939451231
12,-0.0198634708012279,8.38889137365346
12,-0.0168854144298168,8.48515020515748
12,-0.0157022337359088,8.51364099690375
12,-0.0145228865347551,8.53641381433591
12,-0.0139344956362237,8.54565792343549
12,-0.0133468783877606,8.55347515645883
12,-0.0121737234369376,8.56483381801665
12,-0.011002862549712,8.57050106199007
12,-0.00983185828795721,8.57048575175119
12,-0.00865939440061862,8.56477201757732
12,-0.00807246508073395,8.55977204808281
12,-0.0074849902657273,8.55334029814166
12,-0.00630816045471097,8.5361731091466
12,-0.00512841386961109,8.51325510682319
12,-0.002163002163886,8.43072982817694
12,0.000833247197036392,8.3120344687183
12,0.00388294487748183,8.15635735332103
12,0.00700083171163762,7.96305957826287
12,0.0135028373264644,7.46122808458566
12,0.0205420150726971,6.79681416640062
12,0.0284078303237326,5.95748712979464
12,0.0376336182272909,4.92266655573742
12,0.0493561938196096,3.65885494847378
12,0.0670316315909871,2.100585429011
12,0.0827104113360075,1.16306841131818
12,0.101405595777822,0.515578350380573
12,0.142021743003998,0.061674572544523
12,0.176910807197719,0.00702092286992557
12,0.206562460491998,0.000900233055983338
13,-0.218801190081642,0.000910238496702299
13,-0.189033397041493,0.00693756494031101
13,-0.153684590394102,0.0608682340955874
13,-0.112530986526557,0.508916505233522
13,-0.0935959218345687,1.14861994470216
13,-0.0777281537945604,2.07650007672382
13,-0.0598638566885732,3.62308377164622
13,-0.0480348207116769,4.88145853061975
13,-0.0387373955970216,5.91473282723464
13,-0.0308193531505365,6.75512869209606
13,-0.0237403131173148,7.42242699266902
13,-0.0172071981110025,7.92837815961933
13,-0.0140763435239931,8.1240640063651
13,-0.0110152766270027,8.28227693907775
13,-0.00800872482543153,8.40363224703982
13,-0.00503414955755344,8.48890001475065
13,-0.00385109474542529,8.5129283332675
13,-0.00267114854731274,8.53121066939493
13,-0.0020821852116928,8.53820117676332
13,-0.00149381269537356,8.54376035155708
13,-0.000318595253013887,8.55059279911582
13,0.000854990296135891,8.551725467408
13,0.00202846162279751,8.54717182975921
13,0.0032040908784102,8.53692229990805
13,0.0037928781263126,8.52965750949613
13,0.00438239546823903,8.52096414224784
13,0.00556386834441513,8.49928680311831
13,0.00674901057971163,8.47188190078673
13,0.00973129263583205,8.37828341705755
13,0.0127486044005076,8.24884370997073
13,0.0158229503619624,8.08290029576262
13,0.0189711360480075,7.87986396741071
13,0.0255511172790385,7.36086218259528
13,0.0326967719542224,6.68349629130162
13,0.040708370434771,5.83725365056227
13,0.0501405814470916,4.80403779109905
13,0.0621771222365992,3.55427782612851
13,0.0804182008702552,2.02968710066511
13,0.096666026460315,1.12064982427975
13,0.116079197274614,0.496242941101323
13,0.158247903744862,0.0595066204335495
13,0.194289672557716,0.00685645163258056
13,0.223760885942324,0.000955409738655177
14,-0.210371150096314,0.000886392604907036
14,-0.180305579635481,0.00693331721525327
14,-0.145015142772954,0.0610258416062147
14,-0.104001516199846,0.51090114897802
14,-0.085138213953008,1.15284561539167
14,-0.069320652499654,2.08219914155782
14,-0.0514876125320422,3.62627352853007
14,-0.0396582568463174,4.87784249472659
14,-0.0303464591648123,5.90198451076515
14,-0.0224055966577397,6.73201168368963
14,-0.0152976972411726,7.38840015675248
14,-0.00873066610722788,7.88344313627377
14,-0.00558104296415654,8.07379664027896
14,-0.00249983935880629,8.22683950251022
14,0.000527698435011792,8.34320516237803
14,0.00352441505709771,8.42370462648397
14,0.00471674902833434,8.44590053278715
14,0.00590621614910946,8.46239678127943
14,0.00650003099638298,8.46851240133848
14,0.00709331603524258,8.47320920889206
14,0.00827854279232824,8.47835571671718
14,0.00946238591454116,8.47785620408047
14,0.0106460767424455,8.47172721229834
14,0.0118321320983364,8.45996033417817
14,0.0124262415981352,8.45195931427696
14,0.0130211542833014,8.44254511819436
14,0.0142136383228902,8.41947366239016
14,0.0154100882476805,8.39074030289749
14,0.0184219642463509,8.29412507143642
14,0.0214706431709318,8.16214612680262
14,0.024578000354684,7.99420481174351
14,0.0277617017786252,7.78972925809916
14,0.0344206128310983,7.26979152218749
14,0.0416587676209069,6.59452114034077
14,0.0497816740366647,5.75405484607754
14,0.0593539318999747,4.73115523970861
14,0.0715802012532986,3.49745923138036
14,0.0901210302775334,1.99651501862206
14,0.106635283737821,1.10286806057443
14,0.126350038537094,0.488966235908329
14,0.16908654151921,0.0587988302626296
14,0.20552222785069,0.0067975216111275
14,0.235079575411195,0.000962642386539019
15,-0.21874552539779,0.000861820798722699
15,-0.187437378208571,0.00661423085964508
15,-0.15041712457768,0.0581972125946797
15,-0.107464668036989,0.488532689711093
15,-0.0877540367070404,1.10409234280839
15,-0.0712506601223576,1.99697912457791
15,-0.0526726310154417,3.48346004394251
15,-0.0403649878249012,4.69045673772333
15,-0.0306849025094903,5.67936168942552
15,-0.022435191700284,6.48167328396066
15,-0.0150544196867043,7.1168003119665
15,-0.00823790284757685,7.59637203842498
15,-0.00496948328801798,7.78099343611727
15,-0.0017725669423877,7.92958949735643
15,0.00136837804671235,8.04276336680906
15,0.00447695938167305,8.12128307960595
15,0.00571368569595468,8.14302251246074
15,0.00694738205546301,8.15925275211136
15,0.0075632582378434,8.16530646975566
15,0.00817857323116086,8.16998858567138
15,0.00940777802684811,8.1752467171584
15,0.0106355102639976,8.17504570788518
15,0.0118630925995049,8.16940075217649
15,0.0130930856567833,8.15830370624629
15,0.013709183306344,8.15070735078466
15,0.0143261011464114,8.14174431893867
15,0.0155626590160721,8.11971463006402
15,0.0168032884960218,8.09220874734939
15,0.0199262448673937,7.99947181816777
15,0.0230872631277016,7.87251910385386
15,0.0263090009875633,7.71077033366201
15,0.0296097633746833,7.51367492063719
15,0.0365135681629567,7.01208592304633
15,0.0440181722019765,6.36021704748625
15,0.0524412017353426,5.54858516965081
15,0.0623696781514452,4.56066526527425
15,0.0750566805314611,3.36938490516213
15,0.0943130679048567,1.92109980617982
15,0.111485355237455,1.05992153818489
15,0.13201285889442,0.469249653778947
15,0.176607761842576,0.0562711053291969
15,0.214710070693032,0.00650127541202708
15,0.245463726097801,0.000934495434675644
16,-0.233583626871452,0.00083070715871098
16,-0.200646276394088,0.00624026673195953
16,-0.161366941628265,0.0548645561560101
16,-0.115849891513097,0.461513093434676
16,-0.0949989285807567,1.04431519752029
16,-0.0775625626650265,1.89120984929403
16,-0.0579621438643635,3.30420757343116
16,-0.0449946449472444,4.45402565924101
16,-0.0348054792843267,5.3977208694503
16,-0.0261286357774208,6.16458608920956
16,-0.018370646765533,6.77269314284716
16,-0.0112096316810514,7.23282256541411
16,-0.0077773329665224,7.41034725105537
16,-0.00442095312888355,7.55352592364962
16,-0.00112386686528049,7.66292153411408
16,0.00213859603342625,7.7392450607799
16,0.00343633838408578,7.76054264557334
16,0.00473079420234776,7.77657849460026
16,0.00537696399022469,7.78262729713198
16,0.00602252046411455,7.78736572412387
16,0.00731206747415635,7.79291922171872
16,0.00859997994993054,7.79325559455347
16,0.00988774258795402,7.78838807476281
16,0.0111779539255504,7.77830860431791
16,0.011824174472023,7.77131104978783
16,0.0124712297261325,7.76300675925712
16,0.0137681220822212,7.74247409740962
16,0.0150691926046534,7.71670405382519
16,0.018343933618944,7.62934563540096
16,0.0216581957289853,7.509239214333
16,0.0250357719044118,7.3558177449718
16,0.0284957216267919,7.16855251285946
16,0.0357315798294461,6.69112318916322
16,0.0435960026759107,6.0696712946605
16,0.0524225085377052,5.29506640486808
16,0.0628274989002781,4.35150515686026
16,0.0761275550477265,3.21326772650537
16,0.09633127897874,1.8297846386703
16,0.114372712237331,1.00807998666214
16,0.135974181998335,0.445500800512978
16,0.183023190718001,0.0532558509126833
16,0.223315163572627,0.00614829413366123
16,0.255692585996552,0.000895654497478173
17,-0.258597930192533,0.000796639529329934
17,-0.223400527173041,0.00576244707621412
17,-0.180742818952188,0.0505058190410371
17,-0.131344551872226,0.425784874968633
17,-0.108763380773539,0.965044457486342
17,-0.0899135404435076,1.75091065526773
17,-0.0687718756535337,3.0670829536679
17,-0.0548165914383051,4.1423856706442
17,-0.0438701779305103,5.0278318558774
17,-0.0345616082581246,5.7495990887652
17,-0.0262486169168915,6.32385572601179
17,-0.0185831581393463,6.76015927875794
17,-0.0149117436397739,6.92921907352122
17,-0.0113232640745106,7.06612437917523
17,-0.00779928062440768,7.17138260564124
17,-0.00431368124262066,7.24562046003058
17,-0.00292761192462984,7.26664785762047
17,-0.0015452831518363,7.282732574535
17,-0.000855331899632393,7.28892464227991
17,-0.000166089343332074,7.29388509725656
17,0.00121056710805558,7.30011749719689
17,0.00258527707848035,7.30144338933466
17,0.00395986192656041,7.2978730746197
17,0.00533687188873182,7.28939835093883
17,0.00602648033497038,7.28331830227903
17,0.00671692390175571,7.27600811254473
17,0.00810061819568945,7.25769285853423
17,0.0094885646263072,7.23444470355812
17,0.0129811385134714,7.15471274581448
17,0.0165149216078184,7.04409248883244
17,0.0201154082197416,6.90202470240889
17,0.0238025603409366,6.72800700210594
17,0.0315110323651637,6.28270022666539
17,0.0398856985688683,5.70114474299617
17,0.049282348127823,4.97456944293239
17,0.0603584468872532,4.08797522773358
17,0.0745194700127024,3.01719951919589
17,0.0960522601540345,1.71533593148914
17,0.1153160961522,0.943058570667296
17,0.138436577704851,0.415641273069
17,0.188990008986848,0.0494536849408991
17,0.232429893516596,0.00570117312924603
17,0.267195180924394,0.000841735927266648
18,-0.296154393195429,0.000784455700746483
18,-0.258921125363808,0.00532737100703077
18,-0.212424817630634,0.0462128572850126
18,-0.158390938609419,0.389139154359705
18,-0.133686983075476,0.882224060961704
18,-0.113079834509245,1.60243855656325
18,-0.0900121085751873,2.8145725333663
18,-0.0748276746884828,3.81154424097465
18,-0.0629482375573254,4.63791032420125
18,-0.0528706879866942,5.31621537771207
18,-0.0438911778039735,5.86025789887265
18,-0.0356288817939253,6.27796050621531
18,-0.0316778705105646,6.44165414875991
18,-0.0278205989579496,6.57563457716929
18,-0.024035538495743,6.68034703253387
18,-0.0202953792936518,6.75628448831419
18,-0.018809274438443,6.77859845371756
18,-0.017327857294781,6.79630942980586
18,-0.0165887026109121,6.80344038925597
18,-0.01585047644117,6.80942270795848
18,-0.0143764911716764,6.81794513531691
18,-0.0129052301842246,6.8218851366847
18,-0.0114338993306026,6.82124913720543
18,-0.00996062936064688,6.81602585179088
18,-0.00922306840761721,6.81168933430888
18,-0.00848478331650929,6.80620059478109
18,-0.0070057174388017,6.79176005529947
18,-0.0055227798039931,6.77269234033175
18,-0.00179412833030256,6.70472306421654
18,0.00197488680578932,6.6076654461664
18,0.00581210143508147,6.4809077474625
18,0.00973720989381864,6.32394789951326
18,0.0179305440316724,5.91765962904863
18,0.0268134759843457,5.38142978681183
18,0.0367590702707378,4.7060456221921
18,0.0484560070161628,3.87615488133131
18,0.0633765037279013,2.86725681718632
18,0.0860185698016261,1.63252472589391
18,0.106264914489533,0.89696316870161
18,0.130602022199913,0.39431913412043
18,0.184064014203868,0.0466051163658592
18,0.230308078730195,0.0053208435599976
18,0.268075209165278,0.000756119315464945
19,-0.355724207769906,0.000834980188246205
19,-0.317076261022094,0.00485960536431178
19,-0.264801762890111,0.0406226846892163
19,-0.203057023297431,0.339880288997796
19,-0.174782834256917,0.771008044312221
19,-0.151227252707808,1.4032153235216
19,-0.124950995336802,2.4765113687487
19,-0.107743564975709,3.37109741844223
19,-0.0943515036744683,4.12304607591852
19,-0.0830480821952764,4.74969563887957
19,-0.073024942225511,5.2612244368735
19,-0.0638455351803316,5.66292491669339
19,-0.0594716614242249,5.82409430569333
19,-0.0552128591708179,5.95887464066338
19,-0.0510399432936975,6.06766161178131
19,-0.0469265958024645,6.15064891335223
19,-0.0452952032475103,6.17657880783668
19,-0.0436706671820103,6.19834671496975
19,-0.0428607460736434,6.20766847463974
19,-0.0420522721809307,6.21594820888641
19,-0.0404393199973096,6.22938054098166
19,-0.0388298934091669,6.23864851711019
19,-0.0372208204575894,6.24375078718658
19,-0.0356113327135283,6.24466441384141
19,-0.0348062150021586,6.24354346568183
19,-0.0340007314452947,6.24136707453238
19,-0.0323883159120975,6.23383760111119
19,-0.0307733819184223,6.22205618090247
19,-0.0267203594103296,6.17389495122503
19,-0.0226317825370157,6.09876145395001
19,-0.0184774879436003,5.99595852723702
19,-0.0142393995980207,5.8649331349224
19,-0.00542500918422738,5.51572377861387
19,0.00408258958734781,5.04280831267703
19,0.0146696151918941,4.43564193917164
19,0.0270452257108396,3.67730281627422
19,0.042720996089627,2.74078333091656
19,0.0663089608490306,1.574558564535
19,0.0872578944699574,0.869068221494181
19,0.112360014345395,0.38240441437313
19,0.167676179162829,0.0448063021306988
19,0.216055036240759,0.00501759745254564
19,0.258041801873759,0.00062589751037657
20,-0.343003482332549,0.000694406053221942
20,-0.29937928029089,0.00446183706620331
20,-0.243560760462775,0.0384684919394576
20,-0.178846087389769,0.326152852257561
20,-0.149436650915487,0.742522592583277
20,-0.124996880659868,1.35327989226471
20,-0.0977315170829887,2.38499842404895
20,-0.0798299031966639,3.23582296086756
20,-0.0658455656615408,3.94211596264157
20,-0.0539942996272834,4.52242320858235
20,-0.0434417172716276,4.98818606449831
20,-0.0337365300233927,5.34597970292558
20,-0.0290970011967805,5.48624047025642
20,-0.0245681865214479,5.60106866717257
20,-0.0201243746336814,5.69084171029888
20,-0.0157338455119809,5.75596758261722
20,-0.0139894410753918,5.77511331344803
20,-0.0122505766309587,5.79031654971533
20,-0.0113829764949494,5.79644109124313
20,-0.0105164685438383,5.80158179168768
20,-0.00878634608874208,5.8089147471064
20,-0.00705939648734456,5.81232235827936
20,-0.00533235347196088,5.81180988823916
20,-0.00360308170429791,5.80736793126417
20,-0.00273737118717007,5.80366953795465
20,-0.00187081591784084,5.79898427564671
20,-0.000134782787264207,5.78664776960079
20,0.00160580081550954,5.77034835608947
20,0.00598241705181397,5.71221430901137
20,0.0104067797518387,5.6291691262134
20,0.0149113618666727,5.52070044645599
20,0.0195195434009691,5.38638683466731
20,0.0291409633091195,5.03875054945429
20,0.0395758768738483,4.58008301201696
20,0.0512653779829309,4.00270104704619
20,0.0650238722927971,3.29381283150618
20,0.0825936897616594,2.43313418168625
20,0.109304422180275,1.3821748342413
20,0.133239880796134,0.757946322511967
20,0.16206458312853,0.332642354485459
20,0.225496506614792,0.0392584985510594
20,0.280406487427723,0.00448598929046009
20,0.32486245922567,0.00065196305029008
21,-0.345417531364596,0.000618744323425421
21,-0.297525594711093,0.00411442989873301
21,-0.237461422822077,0.0359164521202556
21,-0.168460302820868,0.307119861496695
21,-0.137278205146653,0.701279136078355
21,-0.111418290709345,1.27965376311078
21,-0.0825746465712648,2.25370353812656
21,-0.0636109361877695,3.05237863793293
21,-0.0487684618955458,3.71123144421672
21,-0.0361645031249725,4.24878215886038
21,-0.0249188630830967,4.67662561779585
21,-0.0145549062029537,5.00163985555759
21,-0.00959277746725282,5.12750026783472
21,-0.00474328544691204,5.22934981389667
21,1.90216664028651e-05,5.30756066179501
21,0.00472899004378698,5.36258636040442
21,0.00660189042497184,5.37811926805121
21,0.00846976405368025,5.3899590863125
21,0.00940208302840099,5.39449655950888
21,0.0103334644862092,5.3981138505367
21,0.0121938341963726,5.40259257053367
21,0.0140517065392347,5.403405202007
21,0.0159094266655989,5.40055926162909
21,0.0177704207545807,5.39404921535261
21,0.0187024224508659,5.38941778162953
21,0.019635567476469,5.38386760454316
21,0.0215057129787027,5.37000798477199
21,0.0233817171705088,5.35246492062184
21,0.0281031515014991,5.29247113520368
21,0.0328816276873917,5.20941969669744
21,0.0377510125640286,5.10292056726112
21,0.042739112128008,4.97261107270389
21,0.0531739425056318,4.6395818862416
21,0.0645210069161627,4.20536869996414
21,0.0772693891626095,3.66383691596842
21,0.09232318097294,3.00450321918395
21,0.11161861261194,2.21071159198678
21,0.141075994798494,1.25058134419644
21,0.167550837916521,0.684709829479238
21,0.199453050675891,0.300646608141223
21,0.269513651991822,0.035620058896869
21,0.329805399918254,0.00412996663445044
21,0.376732391079507,0.000651649991855793
22,-0.39072596984245,0.000618811211990085
22,-0.340094999933224,0.00377658389734422
22,-0.273789046739714,0.0323562803696496
22,-0.197073579116947,0.276185583784205
22,-0.162424556985968,0.631567823973042
22,-0.133747253406631,1.1552820123999
22,-0.101869026361771,2.04321766472104
22,-0.0809923085063256,2.7770158755279
22,-0.0647056579914562,3.38659515741832
22,-0.0509140772716179,3.88742043432542
22,-0.0386393106530664,4.28914920065443
22,-0.0273522516798833,4.59737537822708
22,-0.0219570341712809,4.71800831445376
22,-0.0166903319686353,4.81660973375502
22,-0.0115221064568183,4.89350421881625
22,-0.00641570404188895,4.94904364859798
22,-0.00438674014393365,4.96527979989678
22,-0.00236410135330592,4.97810266772867
22,-0.00135486002904219,4.9832354826712
22,-0.000346849321426017,4.98751672475604
22,0.00166593935875183,4.9935273424925
22,0.00367521089623056,4.99614079070102
22,0.00568457877634021,4.99536166548702
22,0.00769664401977729,4.99118277882229
22,0.0087039737346033,4.98781540452736
22,0.0097123216590311,4.98359456499703
22,0.0117325367539641,4.97258826185206
22,0.0137582266295323,4.95815593722111
22,0.0188526926321552,4.9070490082257
22,0.024004190306138,4.83442303005176
22,0.0292501076285879,4.73985886055584
22,0.0346184098262959,4.6230066723581
22,0.0458333600056993,4.32126060883544
22,0.0580066509726593,3.92410042654557
22,0.0716581691269335,3.42524514871781
22,0.0877480178477303,2.81420548407166
22,0.108332269700478,2.07445790963262
22,0.139706697712364,1.17484039543359
22,0.167895107285096,0.642876380715725
22,0.201903857601284,0.281735992318385
22,0.276831671082421,0.0332320778068074
22,0.34165651669232,0.00381271726138987
22,0.39332086669853,0.00057425559771074
23,-0.472889304765402,0.000673349670723959
23,-0.421319121068747,0.0034917465876643
23,-0.347470045914119,0.0286184372939987
23,-0.260072033403369,0.241262370824086
23,-0.220379798392415,0.551006995291122
23,-0.187524629046839,1.00892058806986
23,-0.15110514499206,1.79228733353277
23,-0.127376371023645,2.44899465829649
23,-0.108965819128432,3.00281306712491
23,-0.0934591254198213,3.46524850551281
23,-0.0797289853939387,3.84313995046708
23,-0.0671663602206961,4.14003274722934
23,-0.0611842096189639,4.2591275358549
23,-0.0553607032159633,4.3586884041982
23,-0.0496551589252668,4.43899642445801
23,-0.044032431753798,4.50017192021651
23,-0.0418025715398352,4.51925631513643
23,-0.0395820891024783,4.53525580629534
23,-0.0384750398035063,4.54209766052471
23,-0.0373699483674764,4.54816715123265
23,-0.0351651374117251,4.55798810948014
23,-0.0329650694292676,4.56472153848084
23,-0.0307655695218758,4.56836618348314
23,-0.0285655424884018,4.56890606075761
23,-0.0274650161806677,4.56800677954766
23,-0.0263639796260685,4.5663254660213
23,-0.024159868923351,4.56060932969824
23,-0.0219521926402974,4.55174336385403
23,-0.0164106434483728,4.515722027829
23,-0.010819145847584,4.45973139307064
23,-0.00513688642593222,4.38327843018596
23,0.000661897153232959,4.28597265323093
23,0.0127303294045519,4.02705275341358
23,0.0257613283320874,3.67709832368674
23,0.0402930251211339,3.2287541406585
23,0.057314721017369,2.67022760265471
23,0.0789392276075096,1.98296014976859
23,0.111635649362314,1.13215158988867
23,0.140845452843902,0.621437998916443
23,0.17604055724703,0.272002637263225
23,0.254021042923831,0.0317458543282448
23,0.322287889158043,0.0035632487159096
23,0.380471717382797,0.000465674939325005
24,-0.536258734492599,0.000660466485116182
24,-0.481851291061211,0.00323963859937824
24,-0.401392977646825,0.0261014061173339
24,-0.305182482370746,0.218493239701585
24,-0.261319671208111,0.498277958597342
24,-0.224974171746839,0.911762335250814
24,-0.184678195563212,1.62005840686074
24,-0.158443903421101,2.2161841753027
24,-0.138118310564691,2.72163940979178
24,-0.121027901332856,3.14643830460795
24,-0.105923346132183,3.49628816730135
24,-0.092129801256087,3.77391046443678
24,-0.0855716400582833,3.88640875771106
24,-0.0791947464263656,3.98130690862193
24,-0.0729510954321665,4.05886017496981
24,-0.0668051624856995,4.11908474480444
24,-0.064369826902944,4.13828474052389
24,-0.0619459049712441,4.15467890015106
24,-0.0607378726885257,4.16182181340509
24,-0.0595322759422331,4.16826102624871
24,-0.0571278198127285,4.17902609558053
24,-0.0547282854379111,4.18697933271321
24,-0.0523304314073299,4.19211252889606
24,-0.0499331598698606,4.19440756567104
24,-0.0487344002799873,4.19448526221623
24,-0.0475353757217189,4.19384687637039
24,-0.0451359840123393,4.19041348239262
24,-0.0427338873867,4.18409132809721
24,-0.036709559184338,4.15555884266166
24,-0.0306363747849391,4.10862827007378
24,-0.0244710959986522,4.04281017615303
24,-0.0181873549114564,3.95770248852771
24,-0.00513254953267153,3.7277213214539
24,0.00892815603478068,3.41277747829463
24,0.0245656509962338,3.00541132293733
24,0.0428262570651248,2.49383237965951
24,0.0659399972605852,1.8594305104189
24,0.100724041505469,1.06716046357382
24,0.131672235861571,0.587552578211308
24,0.168868606618688,0.257487981695292
24,0.251392026133472,0.0299112314657619
24,0.324006886681555,0.00333471167404079
24,0.387453883534642,0.000411535774734429
25,-0.556493623610286,0.000661171585047473
25,-0.500889324247078,0.00312530826653416
25,-0.416989007634318,0.024964558147518
25,-0.316391139422164,0.209087657619576
25,-0.270587823566485,0.477499040686853
25,-0.232688413486311,0.874958488030743
25,-0.190734205056291,1.55727007221374
25,-0.163458535639543,2.1326956265946
25,-0.142346855074784,2.62135064654254
25,-0.124608937941791,3.03255153110057
25,-0.108941656004549,3.3715869233396
25,-0.0946409038627359,3.64094098961244
25,-0.087843923444944,3.7501941438426
25,-0.0812359471670773,3.84242945630949
25,-0.0747667675726496,3.91788859218649
25,-0.0684000222452699,3.97657312817731
25,-0.0658774545724649,3.99531268415146
25,-0.0633668339425775,4.01133527158559
25,-0.0621156341459362,4.01832568372753
25,-0.0608669816270756,4.02463455401379
25,-0.0583767004246007,4.03520536230263
25,-0.0558914984482319,4.04305273727162
25,-0.053408188801509,4.04816796307108
25,-0.0509256172212283,4.05053342266946
25,-0.0496842484496584,4.05067961532756
25,-0.0484426326385183,4.05013197951171
25,-0.0459580843563335,4.04694701172459
25,-0.043470819264868,4.04096276972005
25,-0.0372331492183272,4.01366796554741
25,-0.0309450678517098,3.96853980994108
25,-0.0245620586988152,3.90510626933727
25,-0.018056637617357,3.82297813603241
25,-0.00454116740186451,3.60079543599339
25,0.0100161651344132,3.2962900127356
25,0.0262081410879704,2.90227744736953
25,0.0451212260193838,2.40742192310801
25,0.0690718063395608,1.79389437122217
25,0.105147221393555,1.02826777746498
25,0.137285897114221,0.565389934122763
25,0.175968983322991,0.247384792282574
25,0.261988011612315,0.0286564054896984
25,0.337861374264891,0.00318891271628174
25,0.404039183619006,0.000397006118010043
