"i","x","density"
1,-1.58737615367177,8.59488864477237e-05
1,-1.30267056984391,0.000756470622883006
1,-0.97540674612522,0.00648232838254029
1,-0.579861142372836,0.0516541598838838
1,-0.39052036081687,0.113405600844721
1,-0.227640648269548,0.200024061331777
1,-0.0394570601874025,0.339649828427164
1,0.0878492511402179,0.450115323214655
1,0.189295619874848,0.539096706819407
1,0.276565487313453,0.610379053438337
1,0.355166691167111,0.666196126780982
1,0.428123801724372,0.707915495734013
1,0.463218864042975,0.723838725180489
1,0.497605400878701,0.736562291130886
1,0.531417767817688,0.746151128234335
1,0.564924385053325,0.752691007676131
1,0.578266550514346,0.754458284410867
1,0.591580588242542,0.755742311564659
1,0.598228386788027,0.756203593096222
1,0.60487074227203,0.756544685749693
1,0.61814122257529,0.756867317782344
1,0.631396204282825,0.756712423619349
1,0.644647788514386,0.756081997116777
1,0.657929124286063,0.754975063250923
1,0.664583231382838,0.754242515915086
1,0.671246992650252,0.753390430640719
1,0.68460559471342,0.751327317750835
1,0.698009219119841,0.748785277389908
1,0.731744181588294,0.740335033123494
1,0.765867841778543,0.728896561187708
1,0.800640780579563,0.714405961587954
1,0.836241694023259,0.696805923566276
1,0.910549958879402,0.652123898347638
1,0.991059609134651,0.594029137755047
1,1.08096788256715,0.521427267898107
1,1.18615845647825,0.432425230808586
1,1.31912129388787,0.323780476507667
1,1.51738952609007,0.188840896688203
1,1.69041338000839,0.106355454875401
1,1.89283298274925,0.0481657690673178
1,2.31845280082652,0.00601047535563695
1,2.67149073261391,0.000702439921696504
1,2.97414018061614,8.33745731532935e-05
2,-2.17871628538009,7.70238654741544e-05
2,-1.85581475809802,0.000664442604553708
2,-1.4851121520775,0.00575319277134963
2,-1.0428732687111,0.0465603785239619
2,-0.83379563759342,0.103111548579263
2,-0.655421138775872,0.183287496477103
2,-0.451051395064343,0.314041680970473
2,-0.313799728825157,0.418611423214663
2,-0.204972080954631,0.503540288048036
2,-0.111712239841123,0.572069637497488
2,-0.0279652813267635,0.626127342637247
2,0.0495742857561629,0.666874465584477
2,0.0868118314547135,0.682561732888596
2,0.123258263515406,0.695198146680687
2,0.15907320198583,0.7048409086131
2,0.194537295885707,0.711564532537425
2,0.208649552588786,0.713439789488817
2,0.222727371503054,0.714851086053359
2,0.229754904985059,0.715383142154545
2,0.236775667803189,0.715799713165459
2,0.250799301032739,0.716287226988322
2,0.264803077692205,0.71631544208776
2,0.278804780256522,0.715885827490572
2,0.292835117798834,0.714997466678942
2,0.299862777095387,0.714380881636666
2,0.306899564222084,0.71364919656676
2,0.321002955886722,0.711840139025265
2,0.335150214417848,0.709569694389804
2,0.370743377813203,0.701873854406085
2,0.406735167942285,0.691293814023652
2,0.443401630366743,0.677767409988682
2,0.480925832563637,0.661242494227898
2,0.559228341622089,0.619042083747463
2,0.644047175653888,0.563915077146251
2,0.738778608171187,0.494837867922178
2,0.849672642456839,0.410045976805818
2,0.990004025543095,0.306538764715792
2,1.19975370333331,0.178194124082328
2,1.38342094998894,0.100001475637577
2,1.59917265584601,0.0450753264181559
2,2.05634454142355,0.00556458380630325
2,2.43935530081603,0.000644311710602955
2,2.76893131290254,7.7153670081058e-05
3,-2.83663352360449,7.16833388516458e-05
3,-2.46599883083406,0.000562578316267048
3,-2.02990507377964,0.00492237145444101
3,-1.51806036525922,0.0406424687434434
3,-1.27990725392077,0.0909589172266603
3,-1.07874116254591,0.163218786335324
3,-0.850615437225765,0.28277537888359
3,-0.698815684487029,0.379785899717071
3,-0.57925032677263,0.459548505009528
3,-0.477341451518519,0.524680448842425
3,-0.386236368499222,0.576736596602244
3,-0.302218878613821,0.616613393690434
3,-0.261982750711818,0.632226887198813
3,-0.222677019640929,0.645002189624374
3,-0.184097386240309,0.654986504214906
3,-0.145953918322486,0.66223484216265
3,-0.130794407453614,0.664367841755028
3,-0.115682005932205,0.666063257131517
3,-0.108141675246232,0.666747044519423
3,-0.100610979134301,0.667321672627142
3,-0.0855756892952044,0.668143897197942
3,-0.0705699243988829,0.668530968795753
3,-0.0555621320918927,0.668483690751056
3,-0.0405333436444191,0.668000813898481
3,-0.0330093330626904,0.667595530085947
3,-0.025477974625993,0.667080777520096
3,-0.0103903790888927,0.665722229870093
3,0.00473515679444426,0.663924033693243
3,0.0427531705584035,0.657500174970787
3,0.0811597532857072,0.648312495024101
3,0.120251168569555,0.63629533279314
3,0.160207617705768,0.621398129896694
3,0.24347615617175,0.582775477916302
3,0.333524002105848,0.531661879820048
3,0.433967854210217,0.467046769584839
3,0.551450165400678,0.387234972611836
3,0.70008827759466,0.289394756591582
3,0.922517234611397,0.167832849326812
3,1.11785273524607,0.0938527121568307
3,1.34832519333043,0.0420713204001849
3,1.84154106118414,0.00511748298102182
3,2.26089847704855,0.000583638998462986
3,2.6259439692822,6.97309098405264e-05
4,-0.915282627723537,0.000100158552296711
4,-0.670276717324909,0.000875131680210401
4,-0.385645640833041,0.00741511566524644
4,-0.037490721768056,0.0583288425735186
4,0.130630286290408,0.12744825943646
4,0.275791281738564,0.224116519076757
4,0.44390088349814,0.37989027509745
4,0.557714712447283,0.503416448598078
4,0.648379894771663,0.603296183779097
4,0.726315505269742,0.683715905510881
4,0.79643587546153,0.74711204028827
4,0.861438958528631,0.794951474723536
4,0.892677896546266,0.813413248947939
4,0.923260117630528,0.828324883076076
4,0.953311146238663,0.839754787906176
4,0.983072032733363,0.84779395480589
4,0.99491496940693,0.850063301808946
4,1.0067282883531,0.851793049686253
4,1.01262496695101,0.852455967119037
4,1.01851558674299,0.852984504668185
4,1.03028041870572,0.853639354871944
4,1.04202629324322,0.853759661929027
4,1.05377021728219,0.853347069399654
4,1.0655378312841,0.852400220555743
4,1.07143173581198,0.851725882847577
4,1.07733296319019,0.850917348470072
4,1.08915918261507,0.84889706952033
4,1.10102011856455,0.846338386035264
4,1.13084867137575,0.837583166503079
4,1.16099160147506,0.825455185520046
4,1.19168717962791,0.80987037748146
4,1.22307581306759,0.790761302571206
4,1.2884821802552,0.741744591657977
4,1.35917865919186,0.67738133904271
4,1.43792301855938,0.596303292131319
4,1.52976366669157,0.496204423470566
4,1.64541133545946,0.373133821649667
4,1.816963496454,0.218992323833272
4,1.9658082048561,0.123989858490886
4,2.1389915870245,0.0564763606724144
4,2.50000527972812,0.00712381896033674
4,2.7968813542236,0.000837973634762241
4,3.05218831506852,9.69118248433115e-05
5,-2.17871628538009,7.70238654741544e-05
5,-1.85581475809802,0.000664442604553708
5,-1.4851121520775,0.00575319277134963
5,-1.0428732687111,0.0465603785239619
5,-0.83379563759342,0.103111548579263
5,-0.655421138775872,0.183287496477103
5,-0.451051395064343,0.314041680970473
5,-0.313799728825157,0.418611423214663
5,-0.204972080954631,0.503540288048036
5,-0.111712239841123,0.572069637497488
5,-0.0279652813267635,0.626127342637247
5,0.0495742857561629,0.666874465584477
5,0.0868118314547135,0.682561732888596
5,0.123258263515406,0.695198146680687
5,0.15907320198583,0.7048409086131
5,0.194537295885707,0.711564532537425
5,0.208649552588786,0.713439789488817
5,0.222727371503054,0.714851086053359
5,0.229754904985059,0.715383142154545
5,0.236775667803189,0.715799713165459
5,0.250799301032739,0.716287226988322
5,0.264803077692205,0.71631544208776
5,0.278804780256522,0.715885827490572
5,0.292835117798834,0.714997466678942
5,0.299862777095387,0.714380881636666
5,0.306899564222084,0.71364919656676
5,0.321002955886722,0.711840139025265
5,0.335150214417848,0.709569694389804
5,0.370743377813203,0.701873854406085
5,0.406735167942285,0.691293814023652
5,0.443401630366743,0.677767409988682
5,0.480925832563637,0.661242494227898
5,0.559228341622089,0.619042083747463
5,0.644047175653888,0.563915077146251
5,0.738778608171187,0.494837867922178
5,0.849672642456839,0.410045976805818
5,0.990004025543095,0.306538764715792
5,1.19975370333331,0.178194124082328
5,1.38342094998894,0.100001475637577
5,1.59917265584601,0.0450753264181559
5,2.05634454142355,0.00556458380630325
5,2.43935530081603,0.000644311710602955
5,2.76893131290254,7.7153670081058e-05
6,-2.17871628538009,7.70238654741544e-05
6,-1.85581475809802,0.000664442604553708
6,-1.4851121520775,0.00575319277134963
6,-1.0428732687111,0.0465603785239619
6,-0.83379563759342,0.103111548579263
6,-0.655421138775872,0.183287496477103
6,-0.451051395064343,0.314041680970473
6,-0.313799728825157,0.418611423214663
6,-0.204972080954631,0.503540288048036
6,-0.111712239841123,0.572069637497488
6,-0.0279652813267635,0.626127342637247
6,0.0495742857561629,0.666874465584477
6,0.0868118314547135,0.682561732888596
6,0.123258263515406,0.695198146680687
6,0.15907320198583,0.7048409086131
6,0.194537295885707,0.711564532537425
6,0.208649552588786,0.713439789488817
6,0.222727371503054,0.714851086053359
6,0.229754904985059,0.715383142154545
6,0.236775667803189,0.715799713165459
6,0.250799301032739,0.716287226988322
6,0.264803077692205,0.71631544208776
6,0.278804780256522,0.715885827490572
6,0.292835117798834,0.714997466678942
6,0.299862777095387,0.714380881636666
6,0.306899564222084,0.71364919656676
6,0.321002955886722,0.711840139025265
6,0.335150214417848,0.709569694389804
6,0.370743377813203,0.701873854406085
6,0.406735167942285,0.691293814023652
6,0.443401630366743,0.677767409988682
6,0.480925832563637,0.661242494227898
6,0.559228341622089,0.619042083747463
6,0.644047175653888,0.563915077146251
6,0.738778608171187,0.494837867922178
6,0.849672642456839,0.410045976805818
6,0.990004025543095,0.306538764715792
6,1.19975370333331,0.178194124082328
6,1.38342094998894,0.100001475637577
6,1.59917265584601,0.0450753264181559
6,2.05634454142355,0.00556458380630325
6,2.43935530081603,0.000644311710602955
6,2.76893131290254,7.7153670081058e-05
7,-2.17871628538009,7.70238654741544e-05
7,-1.85581475809802,0.000664442604553708
7,-1.4851121520775,0.00575319277134963
7,-1.0428732687111,0.0465603785239619
7,-0.83379563759342,0.103111548579263
7,-0.655421138775872,0.183287496477103
7,-0.451051395064343,0.314041680970473
7,-0.313799728825157,0.418611423214663
7,-0.204972080954631,0.503540288048036
7,-0.111712239841123,0.572069637497488
7,-0.0279652813267635,0.626127342637247
7,0.0495742857561629,0.666874465584477
7,0.0868118314547135,0.682561732888596
7,0.123258263515406,0.695198146680687
7,0.15907320198583,0.7048409086131
7,0.194537295885707,0.711564532537425
7,0.208649552588786,0.713439789488817
7,0.222727371503054,0.714851086053359
7,0.229754904985059,0.715383142154545
7,0.236775667803189,0.715799713165459
7,0.250799301032739,0.716287226988322
7,0.264803077692205,0.71631544208776
7,0.278804780256522,0.715885827490572
7,0.292835117798834,0.714997466678942
7,0.299862777095387,0.714380881636666
7,0.306899564222084,0.71364919656676
7,0.321002955886722,0.711840139025265
7,0.335150214417848,0.709569694389804
7,0.370743377813203,0.701873854406085
7,0.406735167942285,0.691293814023652
7,0.443401630366743,0.677767409988682
7,0.480925832563637,0.661242494227898
7,0.559228341622089,0.619042083747463
7,0.644047175653888,0.563915077146251
7,0.738778608171187,0.494837867922178
7,0.849672642456839,0.410045976805818
7,0.990004025543095,0.306538764715792
7,1.19975370333331,0.178194124082328
7,1.38342094998894,0.100001475637577
7,1.59917265584601,0.0450753264181559
7,2.05634454142355,0.00556458380630325
7,2.43935530081603,0.000644311710602955
7,2.76893131290254,7.7153670081058e-05
8,-2.83663352360449,7.16833388516458e-05
8,-2.46599883083406,0.000562578316267048
8,-2.02990507377964,0.00492237145444101
8,-1.51806036525922,0.0406424687434434
8,-1.27990725392077,0.0909589172266603
8,-1.07874116254591,0.163218786335324
8,-0.850615437225765,0.28277537888359
8,-0.698815684487029,0.379785899717071
8,-0.57925032677263,0.459548505009528
8,-0.477341451518519,0.524680448842425
8,-0.386236368499222,0.576736596602244
8,-0.302218878613821,0.616613393690434
8,-0.261982750711818,0.632226887198813
8,-0.222677019640929,0.645002189624374
8,-0.184097386240309,0.654986504214906
8,-0.145953918322486,0.66223484216265
8,-0.130794407453614,0.664367841755028
8,-0.115682005932205,0.666063257131517
8,-0.108141675246232,0.666747044519423
8,-0.100610979134301,0.667321672627142
8,-0.0855756892952044,0.668143897197942
8,-0.0705699243988829,0.668530968795753
8,-0.0555621320918927,0.668483690751056
8,-0.0405333436444191,0.668000813898481
8,-0.0330093330626904,0.667595530085947
8,-0.025477974625993,0.667080777520096
8,-0.0103903790888927,0.665722229870093
8,0.00473515679444426,0.663924033693243
8,0.0427531705584035,0.657500174970787
8,0.0811597532857072,0.648312495024101
8,0.120251168569555,0.63629533279314
8,0.160207617705768,0.621398129896694
8,0.24347615617175,0.582775477916302
8,0.333524002105848,0.531661879820048
8,0.433967854210217,0.467046769584839
8,0.551450165400678,0.387234972611836
8,0.70008827759466,0.289394756591582
8,0.922517234611397,0.167832849326812
8,1.11785273524607,0.0938527121568307
8,1.34832519333043,0.0420713204001849
8,1.84154106118414,0.00511748298102182
8,2.26089847704855,0.000583638998462986
8,2.6259439692822,6.97309098405264e-05
9,-2.83663352360449,7.16833388516458e-05
9,-2.46599883083406,0.000562578316267048
9,-2.02990507377964,0.00492237145444101
9,-1.51806036525922,0.0406424687434434
9,-1.27990725392077,0.0909589172266603
9,-1.07874116254591,0.163218786335324
9,-0.850615437225765,0.28277537888359
9,-0.698815684487029,0.379785899717071
9,-0.57925032677263,0.459548505009528
9,-0.477341451518519,0.524680448842425
9,-0.386236368499222,0.576736596602244
9,-0.302218878613821,0.616613393690434
9,-0.261982750711818,0.632226887198813
9,-0.222677019640929,0.645002189624374
9,-0.184097386240309,0.654986504214906
9,-0.145953918322486,0.66223484216265
9,-0.130794407453614,0.664367841755028
9,-0.115682005932205,0.666063257131517
9,-0.108141675246232,0.666747044519423
9,-0.100610979134301,0.667321672627142
9,-0.0855756892952044,0.668143897197942
9,-0.0705699243988829,0.668530968795753
9,-0.0555621320918927,0.668483690751056
9,-0.0405333436444191,0.668000813898481
9,-0.0330093330626904,0.667595530085947
9,-0.025477974625993,0.667080777520096
9,-0.0103903790888927,0.665722229870093
9,0.00473515679444426,0.663924033693243
9,0.0427531705584035,0.657500174970787
9,0.0811597532857072,0.648312495024101
9,0.120251168569555,0.63629533279314
9,0.160207617705768,0.621398129896694
9,0.24347615617175,0.582775477916302
9,0.333524002105848,0.531661879820048
9,0.433967854210217,0.467046769584839
9,0.551450165400678,0.387234972611836
9,0.70008827759466,0.289394756591582
9,0.922517234611397,0.167832849326812
9,1.11785273524607,0.0938527121568307
9,1.34832519333043,0.0420713204001849
9,1.84154106118414,0.00511748298102182
9,2.26089847704855,0.000583638998462986
9,2.6259439692822,6.97309098405264e-05
10,-2.83663352360449,7.16833388516458e-05
10,-2.46599883083406,0.000562578316267048
10,-2.02990507377964,0.00492237145444101
10,-1.51806036525922,0.0406424687434434
10,-1.27990725392077,0.0909589172266603
10,-1.07874116254591,0.163218786335324
10,-0.850615437225765,0.28277537888359
10,-0.698815684487029,0.379785899717071
10,-0.57925032677263,0.459548505009528
10,-0.477341451518519,0.524680448842425
10,-0.386236368499222,0.576736596602244
10,-0.302218878613821,0.616613393690434
10,-0.261982750711818,0.632226887198813
10,-0.222677019640929,0.645002189624374
10,-0.184097386240309,0.654986504214906
10,-0.145953918322486,0.66223484216265
10,-0.130794407453614,0.664367841755028
10,-0.115682005932205,0.666063257131517
10,-0.108141675246232,0.666747044519423
10,-0.100610979134301,0.667321672627142
10,-0.0855756892952044,0.668143897197942
10,-0.0705699243988829,0.668530968795753
10,-0.0555621320918927,0.668483690751056
10,-0.0405333436444191,0.668000813898481
10,-0.0330093330626904,0.667595530085947
10,-0.025477974625993,0.667080777520096
10,-0.0103903790888927,0.665722229870093
10,0.00473515679444426,0.663924033693243
10,0.0427531705584035,0.657500174970787
10,0.0811597532857072,0.648312495024101
10,0.120251168569555,0.63629533279314
10,0.160207617705768,0.621398129896694
10,0.24347615617175,0.582775477916302
10,0.333524002105848,0.531661879820048
10,0.433967854210217,0.467046769584839
10,0.551450165400678,0.387234972611836
10,0.70008827759466,0.289394756591582
10,0.922517234611397,0.167832849326812
10,1.11785273524607,0.0938527121568307
10,1.34832519333043,0.0420713204001849
10,1.84154106118414,0.00511748298102182
10,2.26089847704855,0.000583638998462986
10,2.6259439692822,6.97309098405264e-05
11,-2.83663352360449,7.16833388516458e-05
11,-2.46599883083406,0.000562578316267048
11,-2.02990507377964,0.00492237145444101
11,-1.51806036525922,0.0406424687434434
11,-1.27990725392077,0.0909589172266603
11,-1.07874116254591,0.163218786335324
11,-0.850615437225765,0.28277537888359
11,-0.698815684487029,0.379785899717071
11,-0.57925032677263,0.459548505009528
11,-0.477341451518519,0.524680448842425
11,-0.386236368499222,0.576736596602244
11,-0.302218878613821,0.616613393690434
11,-0.261982750711818,0.632226887198813
11,-0.222677019640929,0.645002189624374
11,-0.184097386240309,0.654986504214906
11,-0.145953918322486,0.66223484216265
11,-0.130794407453614,0.664367841755028
11,-0.115682005932205,0.666063257131517
11,-0.108141675246232,0.666747044519423
11,-0.100610979134301,0.667321672627142
11,-0.0855756892952044,0.668143897197942
11,-0.0705699243988829,0.668530968795753
11,-0.0555621320918927,0.668483690751056
11,-0.0405333436444191,0.668000813898481
11,-0.0330093330626904,0.667595530085947
11,-0.025477974625993,0.667080777520096
11,-0.0103903790888927,0.665722229870093
11,0.00473515679444426,0.663924033693243
11,0.0427531705584035,0.657500174970787
11,0.0811597532857072,0.648312495024101
11,0.120251168569555,0.63629533279314
11,0.160207617705768,0.621398129896694
11,0.24347615617175,0.582775477916302
11,0.333524002105848,0.531661879820048
11,0.433967854210217,0.467046769584839
11,0.551450165400678,0.387234972611836
11,0.70008827759466,0.289394756591582
11,0.922517234611397,0.167832849326812
11,1.11785273524607,0.0938527121568307
11,1.34832519333043,0.0420713204001849
11,1.84154106118414,0.00511748298102182
11,2.26089847704855,0.000583638998462986
11,2.6259439692822,6.97309098405264e-05
12,-0.915282627723537,0.000100158552296711
12,-0.670276717324909,0.000875131680210401
12,-0.385645640833041,0.00741511566524644
12,-0.037490721768056,0.0583288425735186
12,0.130630286290408,0.12744825943646
12,0.275791281738564,0.224116519076757
12,0.44390088349814,0.37989027509745
12,0.557714712447283,0.503416448598078
12,0.648379894771663,0.603296183779097
12,0.726315505269742,0.683715905510881
12,0.79643587546153,0.74711204028827
12,0.861438958528631,0.794951474723536
12,0.892677896546266,0.813413248947939
12,0.923260117630528,0.828324883076076
12,0.953311146238663,0.839754787906176
12,0.983072032733363,0.84779395480589
12,0.99491496940693,0.850063301808946
12,1.0067282883531,0.851793049686253
12,1.01262496695101,0.852455967119037
12,1.01851558674299,0.852984504668185
12,1.03028041870572,0.853639354871944
12,1.04202629324322,0.853759661929027
12,1.05377021728219,0.853347069399654
12,1.0655378312841,0.852400220555743
12,1.07143173581198,0.851725882847577
12,1.07733296319019,0.850917348470072
12,1.08915918261507,0.84889706952033
12,1.10102011856455,0.846338386035264
12,1.13084867137575,0.837583166503079
12,1.16099160147506,0.825455185520046
12,1.19168717962791,0.80987037748146
12,1.22307581306759,0.790761302571206
12,1.2884821802552,0.741744591657977
12,1.35917865919186,0.67738133904271
12,1.43792301855938,0.596303292131319
12,1.52976366669157,0.496204423470566
12,1.64541133545946,0.373133821649667
12,1.816963496454,0.218992323833272
12,1.9658082048561,0.123989858490886
12,2.1389915870245,0.0564763606724144
12,2.50000527972812,0.00712381896033674
12,2.7968813542236,0.000837973634762241
12,3.05218831506852,9.69118248433115e-05
13,-2.83663352360449,7.16833388516458e-05
13,-2.46599883083406,0.000562578316267048
13,-2.02990507377964,0.00492237145444101
13,-1.51806036525922,0.0406424687434434
13,-1.27990725392077,0.0909589172266603
13,-1.07874116254591,0.163218786335324
13,-0.850615437225765,0.28277537888359
13,-0.698815684487029,0.379785899717071
13,-0.57925032677263,0.459548505009528
13,-0.477341451518519,0.524680448842425
13,-0.386236368499222,0.576736596602244
13,-0.302218878613821,0.616613393690434
13,-0.261982750711818,0.632226887198813
13,-0.222677019640929,0.645002189624374
13,-0.184097386240309,0.654986504214906
13,-0.145953918322486,0.66223484216265
13,-0.130794407453614,0.664367841755028
13,-0.115682005932205,0.666063257131517
13,-0.108141675246232,0.666747044519423
13,-0.100610979134301,0.667321672627142
13,-0.0855756892952044,0.668143897197942
13,-0.0705699243988829,0.668530968795753
13,-0.0555621320918927,0.668483690751056
13,-0.0405333436444191,0.668000813898481
13,-0.0330093330626904,0.667595530085947
13,-0.025477974625993,0.667080777520096
13,-0.0103903790888927,0.665722229870093
13,0.00473515679444426,0.663924033693243
13,0.0427531705584035,0.657500174970787
13,0.0811597532857072,0.648312495024101
13,0.120251168569555,0.63629533279314
13,0.160207617705768,0.621398129896694
13,0.24347615617175,0.582775477916302
13,0.333524002105848,0.531661879820048
13,0.433967854210217,0.467046769584839
13,0.551450165400678,0.387234972611836
13,0.70008827759466,0.289394756591582
13,0.922517234611397,0.167832849326812
13,1.11785273524607,0.0938527121568307
13,1.34832519333043,0.0420713204001849
13,1.84154106118414,0.00511748298102182
13,2.26089847704855,0.000583638998462986
13,2.6259439692822,6.97309098405264e-05
14,-0.390193920072169,0.000109448552105977
14,-0.163834819976738,0.000942003113192868
14,0.101639969031276,0.00793588991087744
14,0.426842882573577,0.0625374034202089
14,0.583332121044619,0.137158120922099
14,0.71789088867044,0.242243321943918
14,0.872926277944071,0.413017638332793
14,0.977366156268071,0.549633206802091
14,1.0602506731677,0.660929592697353
14,1.13127402968472,0.75121134293205
14,1.19500668303322,0.822987352177495
14,1.25394429742359,0.877738592114536
14,1.28222003101661,0.899116412553721
14,1.30986620573494,0.916575043353221
14,1.33701134779975,0.930187496169392
14,1.36386909884903,0.940044592177724
14,1.37454753066635,0.942936505820991
14,1.3851941216195,0.945228487153906
14,1.39050652065698,0.94614979794057
14,1.39581220517465,0.9469215322918
14,1.40640505873295,0.948017058557728
14,1.41697627570352,0.948516904866029
14,1.42754921097441,0.948422503811108
14,1.43813857304994,0.947731962104615
14,1.44344042388489,0.947162384055689
14,1.44874759810949,0.946442915503769
14,1.45937956191295,0.944553402195536
14,1.47003777854484,0.942061872288604
14,1.49682025337832,0.933192935894023
14,1.52386296372252,0.920538849494044
14,1.55138195801489,0.903998189911648
14,1.57949092894611,0.883494375484222
14,1.63798245543005,0.830298455700236
14,1.70108335250074,0.759738069238095
14,1.77123068951702,0.670189492248596
14,1.85286673198366,0.55896144110397
14,1.95541199972968,0.421449393007959
14,2.10705863794687,0.248228500269217
14,2.23821845616804,0.140927593215475
14,2.39039505472452,0.0643719960624434
14,2.70639454273556,0.00815696466835188
14,2.9653016793168,0.000961819322453679
14,3.18811264448661,0.000110278283472023
15,-0.915282627723537,0.000100158552296711
15,-0.670276717324909,0.000875131680210401
15,-0.385645640833041,0.00741511566524644
15,-0.037490721768056,0.0583288425735186
15,0.130630286290408,0.12744825943646
15,0.275791281738564,0.224116519076757
15,0.44390088349814,0.37989027509745
15,0.557714712447283,0.503416448598078
15,0.648379894771663,0.603296183779097
15,0.726315505269742,0.683715905510881
15,0.79643587546153,0.74711204028827
15,0.861438958528631,0.794951474723536
15,0.892677896546266,0.813413248947939
15,0.923260117630528,0.828324883076076
15,0.953311146238663,0.839754787906176
15,0.983072032733363,0.84779395480589
15,0.99491496940693,0.850063301808946
15,1.0067282883531,0.851793049686253
15,1.01262496695101,0.852455967119037
15,1.01851558674299,0.852984504668185
15,1.03028041870572,0.853639354871944
15,1.04202629324322,0.853759661929027
15,1.05377021728219,0.853347069399654
15,1.0655378312841,0.852400220555743
15,1.07143173581198,0.851725882847577
15,1.07733296319019,0.850917348470072
15,1.08915918261507,0.84889706952033
15,1.10102011856455,0.846338386035264
15,1.13084867137575,0.837583166503079
15,1.16099160147506,0.825455185520046
15,1.19168717962791,0.80987037748146
15,1.22307581306759,0.790761302571206
15,1.2884821802552,0.741744591657977
15,1.35917865919186,0.67738133904271
15,1.43792301855938,0.596303292131319
15,1.52976366669157,0.496204423470566
15,1.64541133545946,0.373133821649667
15,1.816963496454,0.218992323833272
15,1.9658082048561,0.123989858490886
15,2.1389915870245,0.0564763606724144
15,2.50000527972812,0.00712381896033674
15,2.7968813542236,0.000837973634762241
15,3.05218831506852,9.69118248433115e-05
16,-0.915282627723537,0.000100158552296711
16,-0.670276717324909,0.000875131680210401
16,-0.385645640833041,0.00741511566524644
16,-0.037490721768056,0.0583288425735186
16,0.130630286290408,0.12744825943646
16,0.275791281738564,0.224116519076757
16,0.44390088349814,0.37989027509745
16,0.557714712447283,0.503416448598078
16,0.648379894771663,0.603296183779097
16,0.726315505269742,0.683715905510881
16,0.79643587546153,0.74711204028827
16,0.861438958528631,0.794951474723536
16,0.892677896546266,0.813413248947939
16,0.923260117630528,0.828324883076076
16,0.953311146238663,0.839754787906176
16,0.983072032733363,0.84779395480589
16,0.99491496940693,0.850063301808946
16,1.0067282883531,0.851793049686253
16,1.01262496695101,0.852455967119037
16,1.01851558674299,0.852984504668185
16,1.03028041870572,0.853639354871944
16,1.04202629324322,0.853759661929027
16,1.05377021728219,0.853347069399654
16,1.0655378312841,0.852400220555743
16,1.07143173581198,0.851725882847577
16,1.07733296319019,0.850917348470072
16,1.08915918261507,0.84889706952033
16,1.10102011856455,0.846338386035264
16,1.13084867137575,0.837583166503079
16,1.16099160147506,0.825455185520046
16,1.19168717962791,0.80987037748146
16,1.22307581306759,0.790761302571206
16,1.2884821802552,0.741744591657977
16,1.35917865919186,0.67738133904271
16,1.43792301855938,0.596303292131319
16,1.52976366669157,0.496204423470566
16,1.64541133545946,0.373133821649667
16,1.816963496454,0.218992323833272
16,1.9658082048561,0.123989858490886
16,2.1389915870245,0.0564763606724144
16,2.50000527972812,0.00712381896033674
16,2.7968813542236,0.000837973634762241
16,3.05218831506852,9.69118248433115e-05
17,-2.17871628538009,7.70238654741544e-05
17,-1.85581475809802,0.000664442604553708
17,-1.4851121520775,0.00575319277134963
17,-1.0428732687111,0.0465603785239619
17,-0.83379563759342,0.103111548579263
17,-0.655421138775872,0.183287496477103
17,-0.451051395064343,0.314041680970473
17,-0.313799728825157,0.418611423214663
17,-0.204972080954631,0.503540288048036
17,-0.111712239841123,0.572069637497488
17,-0.0279652813267635,0.626127342637247
17,0.0495742857561629,0.666874465584477
17,0.0868118314547135,0.682561732888596
17,0.123258263515406,0.695198146680687
17,0.15907320198583,0.7048409086131
17,0.194537295885707,0.711564532537425
17,0.208649552588786,0.713439789488817
17,0.222727371503054,0.714851086053359
17,0.229754904985059,0.715383142154545
17,0.236775667803189,0.715799713165459
17,0.250799301032739,0.716287226988322
17,0.264803077692205,0.71631544208776
17,0.278804780256522,0.715885827490572
17,0.292835117798834,0.714997466678942
17,0.299862777095387,0.714380881636666
17,0.306899564222084,0.71364919656676
17,0.321002955886722,0.711840139025265
17,0.335150214417848,0.709569694389804
17,0.370743377813203,0.701873854406085
17,0.406735167942285,0.691293814023652
17,0.443401630366743,0.677767409988682
17,0.480925832563637,0.661242494227898
17,0.559228341622089,0.619042083747463
17,0.644047175653888,0.563915077146251
17,0.738778608171187,0.494837867922178
17,0.849672642456839,0.410045976805818
17,0.990004025543095,0.306538764715792
17,1.19975370333331,0.178194124082328
17,1.38342094998894,0.100001475637577
17,1.59917265584601,0.0450753264181559
17,2.05634454142355,0.00556458380630325
17,2.43935530081603,0.000644311710602955
17,2.76893131290254,7.7153670081058e-05
18,-3.64377299331344,8.58146502732165e-05
18,-3.25273950233643,0.000471322823323871
18,-2.71745779745827,0.00401201323382838
18,-2.09768572530804,0.0340579168066092
18,-1.81579041813241,0.0773734912323723
18,-1.58095770466209,0.140671382913929
18,-1.31840458421206,0.247410711287753
18,-1.14587482640634,0.335704299835107
18,-1.01121445660915,0.409530325172683
18,-0.89730303590358,0.470847576090648
18,-0.796124888946544,0.520813238052993
18,-0.703362566334535,0.560042733979048
18,-0.659132179776249,0.575799159345442
18,-0.616058862408619,0.588994507129048
18,-0.573847644718578,0.599672823113214
18,-0.53223113230884,0.607855346962611
18,-0.515725825258376,0.610425257664136
18,-0.499290989016199,0.612592263508995
18,-0.491097930126243,0.613524528059908
18,-0.482920029789697,0.614355913881733
18,-0.466606523844338,0.615715968866906
18,-0.450328048097517,0.616673176307333
18,-0.434052825702714,0.617227247774522
18,-0.417774086421716,0.617375674233479
18,-0.409631379145817,0.617297020402105
18,-0.40148536915487,0.617116074303401
18,-0.385180202459651,0.616446222393597
18,-0.368852094989891,0.615364069393271
18,-0.327888574571702,0.610843786278982
18,-0.286583611611642,0.60370342462492
18,-0.244629706543224,0.593869700699634
18,-0.20185831555093,0.581284351563212
18,-0.113009486442173,0.547590882632373
18,-0.0173510575356124,0.501748296737622
18,0.0889032496469126,0.442635754998527
18,0.21267599813437,0.368468811918445
18,0.368669083234727,0.276351264593275
18,0.601371604287229,0.160621894308452
18,0.805611532397349,0.089734523587772
18,1.04703108685951,0.0400774171052998
18,1.56854421643924,0.00479544750401121
18,2.02000764187878,0.000535579012112932
18,2.42482965139594,6.13827763253292e-05
19,-3.64377299331344,8.58146502732165e-05
19,-3.25273950233643,0.000471322823323871
19,-2.71745779745827,0.00401201323382838
19,-2.09768572530804,0.0340579168066092
19,-1.81579041813241,0.0773734912323723
19,-1.58095770466209,0.140671382913929
19,-1.31840458421206,0.247410711287753
19,-1.14587482640634,0.335704299835107
19,-1.01121445660915,0.409530325172683
19,-0.89730303590358,0.470847576090648
19,-0.796124888946544,0.520813238052993
19,-0.703362566334535,0.560042733979048
19,-0.659132179776249,0.575799159345442
19,-0.616058862408619,0.588994507129048
19,-0.573847644718578,0.599672823113214
19,-0.53223113230884,0.607855346962611
19,-0.515725825258376,0.610425257664136
19,-0.499290989016199,0.612592263508995
19,-0.491097930126243,0.613524528059908
19,-0.482920029789697,0.614355913881733
19,-0.466606523844338,0.615715968866906
19,-0.450328048097517,0.616673176307333
19,-0.434052825702714,0.617227247774522
19,-0.417774086421716,0.617375674233479
19,-0.409631379145817,0.617297020402105
19,-0.40148536915487,0.617116074303401
19,-0.385180202459651,0.616446222393597
19,-0.368852094989891,0.615364069393271
19,-0.327888574571702,0.610843786278982
19,-0.286583611611642,0.60370342462492
19,-0.244629706543224,0.593869700699634
19,-0.20185831555093,0.581284351563212
19,-0.113009486442173,0.547590882632373
19,-0.0173510575356124,0.501748296737622
19,0.0889032496469126,0.442635754998527
19,0.21267599813437,0.368468811918445
19,0.368669083234727,0.276351264593275
19,0.601371604287229,0.160621894308452
19,0.805611532397349,0.089734523587772
19,1.04703108685951,0.0400774171052998
19,1.56854421643924,0.00479544750401121
19,2.02000764187878,0.000535579012112932
19,2.42482965139594,6.13827763253292e-05
20,-1.66393820072764,8.55888193628307e-05
20,-1.37736918917757,0.00075106136148868
20,-1.04788338747012,0.00644245828027441
20,-0.650314614944234,0.0514497847218806
20,-0.460377866014013,0.11313213689881
20,-0.297242113053528,0.199841936909479
20,-0.109079738741812,0.339978302620123
20,0.0180124597138783,0.451135350454756
20,0.11917310017126,0.540865643578591
20,0.206117115759912,0.612894909436395
20,0.284366276575519,0.669424032002891
20,0.356948115733722,0.711794486366321
20,0.391846870389762,0.728015733746427
20,0.42603002684461,0.741015545073567
20,0.459635296079446,0.750858087892851
20,0.492929382242531,0.757627963332169
20,0.506184091957261,0.759480048913722
20,0.519409336991825,0.760844658875806
20,0.526012247820289,0.761344624049235
20,0.53260939265732,0.761723315980094
20,0.545788494951194,0.762117855248513
20,0.558950840251166,0.762030415325702
20,0.572110153146114,0.761462847544497
20,0.585298330673308,0.76041414912968
20,0.591905197247278,0.759708976620408
20,0.598521280940895,0.758883091751159
20,0.611783226591673,0.75686881725442
20,0.625088473307471,0.754370797518296
20,0.658570036490597,0.746008988722425
20,0.692431053938795,0.734626570760569
20,0.726931891896693,0.720157490932311
20,0.76224609908411,0.702544422020147
20,0.835936546404561,0.657724343772574
20,0.915749595508505,0.599328979663291
20,1.00485187430572,0.526244424079294
20,1.10906733956963,0.436550674747707
20,1.2407587441736,0.326962236227107
20,1.43707718887975,0.190744680702828
20,1.60836824003463,0.107437380544727
20,1.80875513356383,0.0486541471511799
20,2.23015866028362,0.0060692410620895
20,2.5798893202408,0.000708756359284859
20,2.88021796175979,8.3806111300527e-05
21,-2.83663352360449,7.16833388516458e-05
21,-2.46599883083406,0.000562578316267048
21,-2.02990507377964,0.00492237145444101
21,-1.51806036525922,0.0406424687434434
21,-1.27990725392077,0.0909589172266603
21,-1.07874116254591,0.163218786335324
21,-0.850615437225765,0.28277537888359
21,-0.698815684487029,0.379785899717071
21,-0.57925032677263,0.459548505009528
21,-0.477341451518519,0.524680448842425
21,-0.386236368499222,0.576736596602244
21,-0.302218878613821,0.616613393690434
21,-0.261982750711818,0.632226887198813
21,-0.222677019640929,0.645002189624374
21,-0.184097386240309,0.654986504214906
21,-0.145953918322486,0.66223484216265
21,-0.130794407453614,0.664367841755028
21,-0.115682005932205,0.666063257131517
21,-0.108141675246232,0.666747044519423
21,-0.100610979134301,0.667321672627142
21,-0.0855756892952044,0.668143897197942
21,-0.0705699243988829,0.668530968795753
21,-0.0555621320918927,0.668483690751056
21,-0.0405333436444191,0.668000813898481
21,-0.0330093330626904,0.667595530085947
21,-0.025477974625993,0.667080777520096
21,-0.0103903790888927,0.665722229870093
21,0.00473515679444426,0.663924033693243
21,0.0427531705584035,0.657500174970787
21,0.0811597532857072,0.648312495024101
21,0.120251168569555,0.63629533279314
21,0.160207617705768,0.621398129896694
21,0.24347615617175,0.582775477916302
21,0.333524002105848,0.531661879820048
21,0.433967854210217,0.467046769584839
21,0.551450165400678,0.387234972611836
21,0.70008827759466,0.289394756591582
21,0.922517234611397,0.167832849326812
21,1.11785273524607,0.0938527121568307
21,1.34832519333043,0.0420713204001849
21,1.84154106118414,0.00511748298102182
21,2.26089847704855,0.000583638998462986
21,2.6259439692822,6.97309098405264e-05
22,-2.83663352360449,7.16833388516458e-05
22,-2.46599883083406,0.000562578316267048
22,-2.02990507377964,0.00492237145444101
22,-1.51806036525922,0.0406424687434434
22,-1.27990725392077,0.0909589172266603
22,-1.07874116254591,0.163218786335324
22,-0.850615437225765,0.28277537888359
22,-0.698815684487029,0.379785899717071
22,-0.57925032677263,0.459548505009528
22,-0.477341451518519,0.524680448842425
22,-0.386236368499222,0.576736596602244
22,-0.302218878613821,0.616613393690434
22,-0.261982750711818,0.632226887198813
22,-0.222677019640929,0.645002189624374
22,-0.184097386240309,0.654986504214906
22,-0.145953918322486,0.66223484216265
22,-0.130794407453614,0.664367841755028
22,-0.115682005932205,0.666063257131517
22,-0.108141675246232,0.666747044519423
22,-0.100610979134301,0.667321672627142
22,-0.0855756892952044,0.668143897197942
22,-0.0705699243988829,0.668530968795753
22,-0.0555621320918927,0.668483690751056
22,-0.0405333436444191,0.668000813898481
22,-0.0330093330626904,0.667595530085947
22,-0.025477974625993,0.667080777520096
22,-0.0103903790888927,0.665722229870093
22,0.00473515679444426,0.663924033693243
22,0.0427531705584035,0.657500174970787
22,0.0811597532857072,0.648312495024101
22,0.120251168569555,0.63629533279314
22,0.160207617705768,0.621398129896694
22,0.24347615617175,0.582775477916302
22,0.333524002105848,0.531661879820048
22,0.433967854210217,0.467046769584839
22,0.551450165400678,0.387234972611836
22,0.70008827759466,0.289394756591582
22,0.922517234611397,0.167832849326812
22,1.11785273524607,0.0938527121568307
22,1.34832519333043,0.0420713204001849
22,1.84154106118414,0.00511748298102182
22,2.26089847704855,0.000583638998462986
22,2.6259439692822,6.97309098405264e-05
23,-1.66393820072764,8.55888193628307e-05
23,-1.37736918917757,0.00075106136148868
23,-1.04788338747012,0.00644245828027441
23,-0.650314614944234,0.0514497847218806
23,-0.460377866014013,0.11313213689881
23,-0.297242113053528,0.199841936909479
23,-0.109079738741812,0.339978302620123
23,0.0180124597138783,0.451135350454756
23,0.11917310017126,0.540865643578591
23,0.206117115759912,0.612894909436395
23,0.284366276575519,0.669424032002891
23,0.356948115733722,0.711794486366321
23,0.391846870389762,0.728015733746427
23,0.42603002684461,0.741015545073567
23,0.459635296079446,0.750858087892851
23,0.492929382242531,0.757627963332169
23,0.506184091957261,0.759480048913722
23,0.519409336991825,0.760844658875806
23,0.526012247820289,0.761344624049235
23,0.53260939265732,0.761723315980094
23,0.545788494951194,0.762117855248513
23,0.558950840251166,0.762030415325702
23,0.572110153146114,0.761462847544497
23,0.585298330673308,0.76041414912968
23,0.591905197247278,0.759708976620408
23,0.598521280940895,0.758883091751159
23,0.611783226591673,0.75686881725442
23,0.625088473307471,0.754370797518296
23,0.658570036490597,0.746008988722425
23,0.692431053938795,0.734626570760569
23,0.726931891896693,0.720157490932311
23,0.76224609908411,0.702544422020147
23,0.835936546404561,0.657724343772574
23,0.915749595508505,0.599328979663291
23,1.00485187430572,0.526244424079294
23,1.10906733956963,0.436550674747707
23,1.2407587441736,0.326962236227107
23,1.43707718887975,0.190744680702828
23,1.60836824003463,0.107437380544727
23,1.80875513356383,0.0486541471511799
23,2.23015866028362,0.0060692410620895
23,2.5798893202408,0.000708756359284859
23,2.88021796175979,8.3806111300527e-05
24,-2.83663352360449,7.16833388516458e-05
24,-2.46599883083406,0.000562578316267048
24,-2.02990507377964,0.00492237145444101
24,-1.51806036525922,0.0406424687434434
24,-1.27990725392077,0.0909589172266603
24,-1.07874116254591,0.163218786335324
24,-0.850615437225765,0.28277537888359
24,-0.698815684487029,0.379785899717071
24,-0.57925032677263,0.459548505009528
24,-0.477341451518519,0.524680448842425
24,-0.386236368499222,0.576736596602244
24,-0.302218878613821,0.616613393690434
24,-0.261982750711818,0.632226887198813
24,-0.222677019640929,0.645002189624374
24,-0.184097386240309,0.654986504214906
24,-0.145953918322486,0.66223484216265
24,-0.130794407453614,0.664367841755028
24,-0.115682005932205,0.666063257131517
24,-0.108141675246232,0.666747044519423
24,-0.100610979134301,0.667321672627142
24,-0.0855756892952044,0.668143897197942
24,-0.0705699243988829,0.668530968795753
24,-0.0555621320918927,0.668483690751056
24,-0.0405333436444191,0.668000813898481
24,-0.0330093330626904,0.667595530085947
24,-0.025477974625993,0.667080777520096
24,-0.0103903790888927,0.665722229870093
24,0.00473515679444426,0.663924033693243
24,0.0427531705584035,0.657500174970787
24,0.0811597532857072,0.648312495024101
24,0.120251168569555,0.63629533279314
24,0.160207617705768,0.621398129896694
24,0.24347615617175,0.582775477916302
24,0.333524002105848,0.531661879820048
24,0.433967854210217,0.467046769584839
24,0.551450165400678,0.387234972611836
24,0.70008827759466,0.289394756591582
24,0.922517234611397,0.167832849326812
24,1.11785273524607,0.0938527121568307
24,1.34832519333043,0.0420713204001849
24,1.84154106118414,0.00511748298102182
24,2.26089847704855,0.000583638998462986
24,2.6259439692822,6.97309098405264e-05
25,-2.83663352360449,7.16833388516458e-05
25,-2.46599883083406,0.000562578316267048
25,-2.02990507377964,0.00492237145444101
25,-1.51806036525922,0.0406424687434434
25,-1.27990725392077,0.0909589172266603
25,-1.07874116254591,0.163218786335324
25,-0.850615437225765,0.28277537888359
25,-0.698815684487029,0.379785899717071
25,-0.57925032677263,0.459548505009528
25,-0.477341451518519,0.524680448842425
25,-0.386236368499222,0.576736596602244
25,-0.302218878613821,0.616613393690434
25,-0.261982750711818,0.632226887198813
25,-0.222677019640929,0.645002189624374
25,-0.184097386240309,0.654986504214906
25,-0.145953918322486,0.66223484216265
25,-0.130794407453614,0.664367841755028
25,-0.115682005932205,0.666063257131517
25,-0.108141675246232,0.666747044519423
25,-0.100610979134301,0.667321672627142
25,-0.0855756892952044,0.668143897197942
25,-0.0705699243988829,0.668530968795753
25,-0.0555621320918927,0.668483690751056
25,-0.0405333436444191,0.668000813898481
25,-0.0330093330626904,0.667595530085947
25,-0.025477974625993,0.667080777520096
25,-0.0103903790888927,0.665722229870093
25,0.00473515679444426,0.663924033693243
25,0.0427531705584035,0.657500174970787
25,0.0811597532857072,0.648312495024101
25,0.120251168569555,0.63629533279314
25,0.160207617705768,0.621398129896694
25,0.24347615617175,0.582775477916302
25,0.333524002105848,0.531661879820048
25,0.433967854210217,0.467046769584839
25,0.551450165400678,0.387234972611836
25,0.70008827759466,0.289394756591582
25,0.922517234611397,0.167832849326812
25,1.11785273524607,0.0938527121568307
25,1.34832519333043,0.0420713204001849
25,1.84154106118414,0.00511748298102182
25,2.26089847704855,0.000583638998462986
25,2.6259439692822,6.97309098405264e-05
26,-2.83663352360449,7.16833388516458e-05
26,-2.46599883083406,0.000562578316267048
26,-2.02990507377964,0.00492237145444101
26,-1.51806036525922,0.0406424687434434
26,-1.27990725392077,0.0909589172266603
26,-1.07874116254591,0.163218786335324
26,-0.850615437225765,0.28277537888359
26,-0.698815684487029,0.379785899717071
26,-0.57925032677263,0.459548505009528
26,-0.477341451518519,0.524680448842425
26,-0.386236368499222,0.576736596602244
26,-0.302218878613821,0.616613393690434
26,-0.261982750711818,0.632226887198813
26,-0.222677019640929,0.645002189624374
26,-0.184097386240309,0.654986504214906
26,-0.145953918322486,0.66223484216265
26,-0.130794407453614,0.664367841755028
26,-0.115682005932205,0.666063257131517
26,-0.108141675246232,0.666747044519423
26,-0.100610979134301,0.667321672627142
26,-0.0855756892952044,0.668143897197942
26,-0.0705699243988829,0.668530968795753
26,-0.0555621320918927,0.668483690751056
26,-0.0405333436444191,0.668000813898481
26,-0.0330093330626904,0.667595530085947
26,-0.025477974625993,0.667080777520096
26,-0.0103903790888927,0.665722229870093
26,0.00473515679444426,0.663924033693243
26,0.0427531705584035,0.657500174970787
26,0.0811597532857072,0.648312495024101
26,0.120251168569555,0.63629533279314
26,0.160207617705768,0.621398129896694
26,0.24347615617175,0.582775477916302
26,0.333524002105848,0.531661879820048
26,0.433967854210217,0.467046769584839
26,0.551450165400678,0.387234972611836
26,0.70008827759466,0.289394756591582
26,0.922517234611397,0.167832849326812
26,1.11785273524607,0.0938527121568307
26,1.34832519333043,0.0420713204001849
26,1.84154106118414,0.00511748298102182
26,2.26089847704855,0.000583638998462986
26,2.6259439692822,6.97309098405264e-05
27,-0.915282627723537,0.000100158552296711
27,-0.670276717324909,0.000875131680210401
27,-0.385645640833041,0.00741511566524644
27,-0.037490721768056,0.0583288425735186
27,0.130630286290408,0.12744825943646
27,0.275791281738564,0.224116519076757
27,0.44390088349814,0.37989027509745
27,0.557714712447283,0.503416448598078
27,0.648379894771663,0.603296183779097
27,0.726315505269742,0.683715905510881
27,0.79643587546153,0.74711204028827
27,0.861438958528631,0.794951474723536
27,0.892677896546266,0.813413248947939
27,0.923260117630528,0.828324883076076
27,0.953311146238663,0.839754787906176
27,0.983072032733363,0.84779395480589
27,0.99491496940693,0.850063301808946
27,1.0067282883531,0.851793049686253
27,1.01262496695101,0.852455967119037
27,1.01851558674299,0.852984504668185
27,1.03028041870572,0.853639354871944
27,1.04202629324322,0.853759661929027
27,1.05377021728219,0.853347069399654
27,1.0655378312841,0.852400220555743
27,1.07143173581198,0.851725882847577
27,1.07733296319019,0.850917348470072
27,1.08915918261507,0.84889706952033
27,1.10102011856455,0.846338386035264
27,1.13084867137575,0.837583166503079
27,1.16099160147506,0.825455185520046
27,1.19168717962791,0.80987037748146
27,1.22307581306759,0.790761302571206
27,1.2884821802552,0.741744591657977
27,1.35917865919186,0.67738133904271
27,1.43792301855938,0.596303292131319
27,1.52976366669157,0.496204423470566
27,1.64541133545946,0.373133821649667
27,1.816963496454,0.218992323833272
27,1.9658082048561,0.123989858490886
27,2.1389915870245,0.0564763606724144
27,2.50000527972812,0.00712381896033674
27,2.7968813542236,0.000837973634762241
27,3.05218831506852,9.69118248433115e-05
28,-1.25272545619003,9.35536763358636e-05
28,-0.990896381539625,0.000820778499525818
28,-0.688318082744014,0.00699225989554843
28,-0.320262198258776,0.055324161975061
28,-0.143196246145693,0.121109213599242
28,0.00948825620736852,0.213172731132937
28,0.186209980262532,0.361416218242972
28,0.305872897815056,0.478741478665628
28,0.401247355874812,0.573378006881786
28,0.483284240774891,0.649354402247313
28,0.557147317581025,0.709029090722281
28,0.625673115316432,0.753834725242711
28,0.658623783199822,0.771027812281211
28,0.690897146851651,0.784838879823704
28,0.722621325657824,0.79533498833387
28,0.754050119080604,0.802605346663602
28,0.766561175145661,0.804614453824119
28,0.779043533674868,0.806111278235276
28,0.785275156856415,0.806668028764906
28,0.791501047580438,0.8070972861945
28,0.803937531909722,0.80757429589014
28,0.816356762080443,0.807544468580599
28,0.828773004305386,0.807009633581459
28,0.841216049152996,0.805968617666837
28,0.84744924828261,0.805257817143344
28,0.853690864274751,0.804419952000425
28,0.866201271363581,0.802362554523827
28,0.878751164267894,0.799795707394251
28,0.910324833346933,0.791148391386011
28,0.94224605353801,0.779316035757757
28,0.974763665659683,0.764224172592668
28,1.00803499874487,0.745810188511083
28,1.07741930812379,0.698825957305484
28,1.1524993383163,0.637436898535733
28,1.23622622875016,0.560406369320465
28,1.33401623309467,0.465625578144066
28,1.45736291522967,0.34948097629794
28,1.64074921937198,0.20456089298717
28,1.80025359208011,0.115562529617809
28,1.98626365905241,0.0525126698031811
28,2.37538185923322,0.00659519200486397
28,2.69648511235911,0.000773774932519727
28,2.97236472467095,9.03433786933954e-05
29,-3.64377299331344,8.58146502732165e-05
29,-3.25273950233643,0.000471322823323871
29,-2.71745779745827,0.00401201323382838
29,-2.09768572530804,0.0340579168066092
29,-1.81579041813241,0.0773734912323723
29,-1.58095770466209,0.140671382913929
29,-1.31840458421206,0.247410711287753
29,-1.14587482640634,0.335704299835107
29,-1.01121445660915,0.409530325172683
29,-0.89730303590358,0.470847576090648
29,-0.796124888946544,0.520813238052993
29,-0.703362566334535,0.560042733979048
29,-0.659132179776249,0.575799159345442
29,-0.616058862408619,0.588994507129048
29,-0.573847644718578,0.599672823113214
29,-0.53223113230884,0.607855346962611
29,-0.515725825258376,0.610425257664136
29,-0.499290989016199,0.612592263508995
29,-0.491097930126243,0.613524528059908
29,-0.482920029789697,0.614355913881733
29,-0.466606523844338,0.615715968866906
29,-0.450328048097517,0.616673176307333
29,-0.434052825702714,0.617227247774522
29,-0.417774086421716,0.617375674233479
29,-0.409631379145817,0.617297020402105
29,-0.40148536915487,0.617116074303401
29,-0.385180202459651,0.616446222393597
29,-0.368852094989891,0.615364069393271
29,-0.327888574571702,0.610843786278982
29,-0.286583611611642,0.60370342462492
29,-0.244629706543224,0.593869700699634
29,-0.20185831555093,0.581284351563212
29,-0.113009486442173,0.547590882632373
29,-0.0173510575356124,0.501748296737622
29,0.0889032496469126,0.442635754998527
29,0.21267599813437,0.368468811918445
29,0.368669083234727,0.276351264593275
29,0.601371604287229,0.160621894308452
29,0.805611532397349,0.089734523587772
29,1.04703108685951,0.0400774171052998
29,1.56854421643924,0.00479544750401121
29,2.02000764187878,0.000535579012112932
29,2.42482965139594,6.13827763253292e-05
30,-2.83663352360449,7.16833388516458e-05
30,-2.46599883083406,0.000562578316267048
30,-2.02990507377964,0.00492237145444101
30,-1.51806036525922,0.0406424687434434
30,-1.27990725392077,0.0909589172266603
30,-1.07874116254591,0.163218786335324
30,-0.850615437225765,0.28277537888359
30,-0.698815684487029,0.379785899717071
30,-0.57925032677263,0.459548505009528
30,-0.477341451518519,0.524680448842425
30,-0.386236368499222,0.576736596602244
30,-0.302218878613821,0.616613393690434
30,-0.261982750711818,0.632226887198813
30,-0.222677019640929,0.645002189624374
30,-0.184097386240309,0.654986504214906
30,-0.145953918322486,0.66223484216265
30,-0.130794407453614,0.664367841755028
30,-0.115682005932205,0.666063257131517
30,-0.108141675246232,0.666747044519423
30,-0.100610979134301,0.667321672627142
30,-0.0855756892952044,0.668143897197942
30,-0.0705699243988829,0.668530968795753
30,-0.0555621320918927,0.668483690751056
30,-0.0405333436444191,0.668000813898481
30,-0.0330093330626904,0.667595530085947
30,-0.025477974625993,0.667080777520096
30,-0.0103903790888927,0.665722229870093
30,0.00473515679444426,0.663924033693243
30,0.0427531705584035,0.657500174970787
30,0.0811597532857072,0.648312495024101
30,0.120251168569555,0.63629533279314
30,0.160207617705768,0.621398129896694
30,0.24347615617175,0.582775477916302
30,0.333524002105848,0.531661879820048
30,0.433967854210217,0.467046769584839
30,0.551450165400678,0.387234972611836
30,0.70008827759466,0.289394756591582
30,0.922517234611397,0.167832849326812
30,1.11785273524607,0.0938527121568307
30,1.34832519333043,0.0420713204001849
30,1.84154106118414,0.00511748298102182
30,2.26089847704855,0.000583638998462986
30,2.6259439692822,6.97309098405264e-05
31,-2.17871628538009,7.70238654741544e-05
31,-1.85581475809802,0.000664442604553708
31,-1.4851121520775,0.00575319277134963
31,-1.0428732687111,0.0465603785239619
31,-0.83379563759342,0.103111548579263
31,-0.655421138775872,0.183287496477103
31,-0.451051395064343,0.314041680970473
31,-0.313799728825157,0.418611423214663
31,-0.204972080954631,0.503540288048036
31,-0.111712239841123,0.572069637497488
31,-0.0279652813267635,0.626127342637247
31,0.0495742857561629,0.666874465584477
31,0.0868118314547135,0.682561732888596
31,0.123258263515406,0.695198146680687
31,0.15907320198583,0.7048409086131
31,0.194537295885707,0.711564532537425
31,0.208649552588786,0.713439789488817
31,0.222727371503054,0.714851086053359
31,0.229754904985059,0.715383142154545
31,0.236775667803189,0.715799713165459
31,0.250799301032739,0.716287226988322
31,0.264803077692205,0.71631544208776
31,0.278804780256522,0.715885827490572
31,0.292835117798834,0.714997466678942
31,0.299862777095387,0.714380881636666
31,0.306899564222084,0.71364919656676
31,0.321002955886722,0.711840139025265
31,0.335150214417848,0.709569694389804
31,0.370743377813203,0.701873854406085
31,0.406735167942285,0.691293814023652
31,0.443401630366743,0.677767409988682
31,0.480925832563637,0.661242494227898
31,0.559228341622089,0.619042083747463
31,0.644047175653888,0.563915077146251
31,0.738778608171187,0.494837867922178
31,0.849672642456839,0.410045976805818
31,0.990004025543095,0.306538764715792
31,1.19975370333331,0.178194124082328
31,1.38342094998894,0.100001475637577
31,1.59917265584601,0.0450753264181559
31,2.05634454142355,0.00556458380630325
31,2.43935530081603,0.000644311710602955
31,2.76893131290254,7.7153670081058e-05
32,-2.7297654175623,7.04577439318204e-05
32,-2.36141436836395,0.000573028271388054
32,-1.93393830357998,0.0050214829327433
32,-1.43179080856002,0.0413782699067618
32,-1.19767459625153,0.0924635161651171
32,-0.999601695024351,0.165644397413832
32,-0.774536134136069,0.286323125024582
32,-0.624465504654329,0.38385948410367
32,-0.506062601659979,0.463746468720126
32,-0.404992025878621,0.528706774585919
32,-0.314512033630547,0.580364199904186
32,-0.230959498509043,0.619671056218226
32,-0.190906817415063,0.634949158492916
32,-0.151750967191145,0.647364137697453
32,-0.113300455494718,0.65696455859276
32,-0.0752614873112538,0.663811079949938
32,-0.0601355991430927,0.665779690079839
32,-0.0450521913903703,0.667309023337155
32,-0.0375246251237243,0.667909221466101
32,-0.0300055384479843,0.668399940322369
32,-0.0149899970830725,0.66905352047469
32,-1.51923290224306e-13,0.669271057639688
32,0.0149899970827686,0.669053520474692
32,0.0300055384476805,0.668399940322373
32,0.0375246251234204,0.667909221466105
32,0.0450521913900665,0.667309023337161
32,0.0601355991427887,0.665779690079847
32,0.0752614873109496,0.663811079949947
32,0.113300455494413,0.656964558592774
32,0.151750967190839,0.647364137697471
32,0.190906817414756,0.634949158492939
32,0.230959498508734,0.619671056218252
32,0.314512033630235,0.580364199904219
32,0.404992025878302,0.528706774585958
32,0.506062601659652,0.463746468720167
32,0.624465504653992,0.38385948410371
32,0.774536134135715,0.286323125024616
32,0.999601695023969,0.165644397413854
32,1.19767459625112,0.0924635161651298
32,1.43179080855958,0.0413782699067667
32,1.93393830357951,0.00502148293274302
32,2.36141436836411,0.0005730282713859
32,2.72976541756684,7.04577439296504e-05
33,-2.08738483116217,7.71779264994833e-05
33,-1.76757810895998,0.000673058512182238
33,-1.40160685389614,0.00582509701894555
33,-0.964461594274287,0.0470542018457376
33,-0.757412650721202,0.10404906896263
33,-0.580487133694805,0.184661124795406
33,-0.37739528006077,0.315704186842278
33,-0.240738376120564,0.420124454638718
33,-0.132216265879731,0.504647136632937
33,-0.0390950596055235,0.572610903007848
33,0.0446242527437439,0.626005017003672
33,0.122222682578955,0.666040002126202
33,0.159517002141453,0.681363699149221
33,0.196039729074832,0.693638555077678
33,0.231943600851879,0.702923768536709
33,0.267510495511366,0.709297036740253
33,0.281669161874652,0.711035274415642
33,0.295796342274998,0.712311623148611
33,0.30284965291573,0.712777041800498
33,0.309896919498829,0.713127564913591
33,0.323975730759465,0.713484847123756
33,0.338037569916985,0.713385474653353
33,0.352096557759717,0.712831190438337
33,0.366186151809612,0.711821151123117
33,0.373244653017362,0.711144889092171
33,0.380313086231699,0.710354331899827
33,0.394482171385819,0.708430037445844
33,0.40869831226931,0.706047857611468
33,0.44447760552626,0.698089237571359
33,0.480672469631644,0.687273398612313
33,0.517556701932852,0.673542388976335
33,0.555322693251459,0.656844478709897
33,0.634178882413369,0.614410619558014
33,0.719668836488248,0.559225091653634
33,0.815228824590819,0.49030166956903
33,0.927191183107754,0.405922635444267
33,1.06900765524024,0.303159996283738
33,1.28120391259499,0.176027708626046
33,1.46719392086525,0.0987112303699229
33,1.68582066606835,0.0444673396248161
33,2.14941594779595,0.00548660249230484
33,2.53776867151284,0.000635908395901054
33,2.87021963833198,7.71971702571224e-05
34,-2.7297654175623,7.04577439318204e-05
34,-2.36141436836395,0.000573028271388054
34,-1.93393830357998,0.0050214829327433
34,-1.43179080856002,0.0413782699067618
34,-1.19767459625153,0.0924635161651171
34,-0.999601695024351,0.165644397413832
34,-0.774536134136069,0.286323125024582
34,-0.624465504654329,0.38385948410367
34,-0.506062601659979,0.463746468720126
34,-0.404992025878621,0.528706774585919
34,-0.314512033630547,0.580364199904186
34,-0.230959498509043,0.619671056218226
34,-0.190906817415063,0.634949158492916
34,-0.151750967191145,0.647364137697453
34,-0.113300455494718,0.65696455859276
34,-0.0752614873112538,0.663811079949938
34,-0.0601355991430927,0.665779690079839
34,-0.0450521913903703,0.667309023337155
34,-0.0375246251237243,0.667909221466101
34,-0.0300055384479843,0.668399940322369
34,-0.0149899970830725,0.66905352047469
34,-1.51923290224306e-13,0.669271057639688
34,0.0149899970827686,0.669053520474692
34,0.0300055384476805,0.668399940322373
34,0.0375246251234204,0.667909221466105
34,0.0450521913900665,0.667309023337161
34,0.0601355991427887,0.665779690079847
34,0.0752614873109496,0.663811079949947
34,0.113300455494413,0.656964558592774
34,0.151750967190839,0.647364137697471
34,0.190906817414756,0.634949158492939
34,0.230959498508734,0.619671056218252
34,0.314512033630235,0.580364199904219
34,0.404992025878302,0.528706774585958
34,0.506062601659652,0.463746468720167
34,0.624465504653992,0.38385948410371
34,0.774536134135715,0.286323125024616
34,0.999601695023969,0.165644397413854
34,1.19767459625112,0.0924635161651298
34,1.43179080855958,0.0413782699067667
34,1.93393830357951,0.00502148293274302
34,2.36141436836411,0.0005730282713859
34,2.72976541756684,7.04577439296504e-05
35,-2.08738483116217,7.71779264994833e-05
35,-1.76757810895998,0.000673058512182238
35,-1.40160685389614,0.00582509701894555
35,-0.964461594274287,0.0470542018457376
35,-0.757412650721202,0.10404906896263
35,-0.580487133694805,0.184661124795406
35,-0.37739528006077,0.315704186842278
35,-0.240738376120564,0.420124454638718
35,-0.132216265879731,0.504647136632937
35,-0.0390950596055235,0.572610903007848
35,0.0446242527437439,0.626005017003672
35,0.122222682578955,0.666040002126202
35,0.159517002141453,0.681363699149221
35,0.196039729074832,0.693638555077678
35,0.231943600851879,0.702923768536709
35,0.267510495511366,0.709297036740253
35,0.281669161874652,0.711035274415642
35,0.295796342274998,0.712311623148611
35,0.30284965291573,0.712777041800498
35,0.309896919498829,0.713127564913591
35,0.323975730759465,0.713484847123756
35,0.338037569916985,0.713385474653353
35,0.352096557759717,0.712831190438337
35,0.366186151809612,0.711821151123117
35,0.373244653017362,0.711144889092171
35,0.380313086231699,0.710354331899827
35,0.394482171385819,0.708430037445844
35,0.40869831226931,0.706047857611468
35,0.44447760552626,0.698089237571359
35,0.480672469631644,0.687273398612313
35,0.517556701932852,0.673542388976335
35,0.555322693251459,0.656844478709897
35,0.634178882413369,0.614410619558014
35,0.719668836488248,0.559225091653634
35,0.815228824590819,0.49030166956903
35,0.927191183107754,0.405922635444267
35,1.06900765524024,0.303159996283738
35,1.28120391259499,0.176027708626046
35,1.46719392086525,0.0987112303699229
35,1.68582066606835,0.0444673396248161
35,2.14941594779595,0.00548660249230484
35,2.53776867151284,0.000635908395901054
35,2.87021963833198,7.71971702571224e-05
36,-3.53450451548458,8.0352100924511e-05
36,-3.13679309132916,0.00047649713080638
36,-2.61303642172387,0.00411346370302754
36,-2.00812322905967,0.0348522115584928
36,-1.73239758938511,0.0790432881096524
36,-1.50231965188859,0.143463182672544
36,-1.24457070745338,0.251767106214508
36,-1.0748689991167,0.341045829506185
36,-0.942209624629776,0.41544756754128
36,-0.829835251631422,0.477019227488069
36,-0.729894984104324,0.526973452634489
36,-0.638155855030451,0.565966572105967
36,-0.594371266307322,0.581532411811768
36,-0.551700632254416,0.594495246399002
36,-0.509870678120874,0.604897359984324
36,-0.468600985516436,0.612767893337802
36,-0.452224706878055,0.615203771600761
36,-0.4359133885336,0.617231793494459
36,-0.427780022517757,0.618092776950046
36,-0.419660435826142,0.618851723873075
36,-0.403459407724492,0.62006352875341
36,-0.387294319894417,0.620867749954365
36,-0.371129361489542,0.621264551709659
36,-0.354956047147947,0.6212517552167
36,-0.346864235548317,0.621091078311448
36,-0.338767906889277,0.620827205745785
36,-0.322558444226739,0.619988903108549
36,-0.306321126056002,0.618735015231881
36,-0.265562643089264,0.613772507438717
36,-0.224442015475007,0.606176419493619
36,-0.182648923607574,0.595876391457749
36,-0.140006907488312,0.582817679145618
36,-0.0513281517320718,0.548182344905779
36,0.0443003630916646,0.50144031487457
36,0.150706162850935,0.441534615543864
36,0.274902104641485,0.366762855692128
36,0.431797398484008,0.274358175948374
36,0.66657008219044,0.158898885623378
36,0.873260263086068,0.0885327179949417
36,1.11829867443571,0.0394270076959971
36,1.64962426813245,0.00469715568484056
36,2.11125666289669,0.000523400233648426
36,2.52153679306219,6.18612206693996e-05
37,-1.58737615367177,8.59488864477237e-05
37,-1.30267056984391,0.000756470622883006
37,-0.97540674612522,0.00648232838254029
37,-0.579861142372836,0.0516541598838838
37,-0.39052036081687,0.113405600844721
37,-0.227640648269548,0.200024061331777
37,-0.0394570601874025,0.339649828427164
37,0.0878492511402179,0.450115323214655
37,0.189295619874848,0.539096706819407
37,0.276565487313453,0.610379053438337
37,0.355166691167111,0.666196126780982
37,0.428123801724372,0.707915495734013
37,0.463218864042975,0.723838725180489
37,0.497605400878701,0.736562291130886
37,0.531417767817688,0.746151128234335
37,0.564924385053325,0.752691007676131
37,0.578266550514346,0.754458284410867
37,0.591580588242542,0.755742311564659
37,0.598228386788027,0.756203593096222
37,0.60487074227203,0.756544685749693
37,0.61814122257529,0.756867317782344
37,0.631396204282825,0.756712423619349
37,0.644647788514386,0.756081997116777
37,0.657929124286063,0.754975063250923
37,0.664583231382838,0.754242515915086
37,0.671246992650252,0.753390430640719
37,0.68460559471342,0.751327317750835
37,0.698009219119841,0.748785277389908
37,0.731744181588294,0.740335033123494
37,0.765867841778543,0.728896561187708
37,0.800640780579563,0.714405961587954
37,0.836241694023259,0.696805923566276
37,0.910549958879402,0.652123898347638
37,0.991059609134651,0.594029137755047
37,1.08096788256715,0.521427267898107
37,1.18615845647825,0.432425230808586
37,1.31912129388787,0.323780476507667
37,1.51738952609007,0.188840896688203
37,1.69041338000839,0.106355454875401
37,1.89283298274925,0.0481657690673178
37,2.31845280082652,0.00601047535563695
37,2.67149073261391,0.000702439921696504
37,2.97414018061614,8.33745731532935e-05
38,-1.18791689662704,9.37429746921069e-05
38,-0.926789477692288,0.000822921493575747
38,-0.624786919425234,0.00700017384717072
38,-0.256678718064502,0.0552470284942797
38,-0.0792316411760843,0.120771560729967
38,0.0739798722444868,0.212327003620413
38,0.251527152834207,0.359529949471572
38,0.371866241926516,0.475889613742408
38,0.467838388400742,0.569669999957367
38,0.550426227797599,0.644909433840216
38,0.624809228430729,0.703967112672483
38,0.693835395495164,0.748277418008109
38,0.727032227607693,0.765267743525927
38,0.759550253179235,0.778906316622325
38,0.79151676993411,0.789259774747823
38,0.82318785359135,0.79641713158731
38,0.835796191529079,0.79838943376775
38,0.848376020667427,0.799854247109005
38,0.854656446481828,0.800396788119476
38,0.860931183081688,0.800813032608537
38,0.873465484448177,0.801267604293208
38,0.885982691938803,0.801220120362145
38,0.898496655070663,0.800672429929205
38,0.911037847476902,0.799623360037342
38,0.917320358120429,0.79891033333421
38,0.923611443528293,0.798071444052371
38,0.936221261892042,0.796015609246808
38,0.94887119459025,0.793455147938558
38,0.980697708485231,0.78484495802845
38,1.0128754786309,0.773080192059637
38,1.04565515000221,0.758087032230388
38,1.07919591628777,0.739802989172515
38,1.1491439636025,0.693174399976098
38,1.22483580876319,0.632274721554412
38,1.30924508939403,0.555875568620249
38,1.40782919202964,0.461882490103688
38,1.5321690083198,0.346705282154766
38,1.71700472942522,0.202978312614073
38,1.87773570727181,0.114694113725119
38,2.06512844038201,0.0521333678690138
38,2.45695264390836,0.00655191819483399
38,2.78008883351016,0.000769158501982648
38,3.05758471572158,8.98153245183301e-05
39,-2.08738483116217,7.71779264994833e-05
39,-1.76757810895998,0.000673058512182238
39,-1.40160685389614,0.00582509701894555
39,-0.964461594274287,0.0470542018457376
39,-0.757412650721202,0.10404906896263
39,-0.580487133694805,0.184661124795406
39,-0.37739528006077,0.315704186842278
39,-0.240738376120564,0.420124454638718
39,-0.132216265879731,0.504647136632937
39,-0.0390950596055235,0.572610903007848
39,0.0446242527437439,0.626005017003672
39,0.122222682578955,0.666040002126202
39,0.159517002141453,0.681363699149221
39,0.196039729074832,0.693638555077678
39,0.231943600851879,0.702923768536709
39,0.267510495511366,0.709297036740253
39,0.281669161874652,0.711035274415642
39,0.295796342274998,0.712311623148611
39,0.30284965291573,0.712777041800498
39,0.309896919498829,0.713127564913591
39,0.323975730759465,0.713484847123756
39,0.338037569916985,0.713385474653353
39,0.352096557759717,0.712831190438337
39,0.366186151809612,0.711821151123117
39,0.373244653017362,0.711144889092171
39,0.380313086231699,0.710354331899827
39,0.394482171385819,0.708430037445844
39,0.40869831226931,0.706047857611468
39,0.44447760552626,0.698089237571359
39,0.480672469631644,0.687273398612313
39,0.517556701932852,0.673542388976335
39,0.555322693251459,0.656844478709897
39,0.634178882413369,0.614410619558014
39,0.719668836488248,0.559225091653634
39,0.815228824590819,0.49030166956903
39,0.927191183107754,0.405922635444267
39,1.06900765524024,0.303159996283738
39,1.28120391259499,0.176027708626046
39,1.46719392086525,0.0987112303699229
39,1.68582066606835,0.0444673396248161
39,2.14941594779595,0.00548660249230484
39,2.53776867151284,0.000635908395901054
39,2.87021963833198,7.71971702571224e-05
40,-1.18791689662704,9.37429746921069e-05
40,-0.926789477692288,0.000822921493575747
40,-0.624786919425234,0.00700017384717072
40,-0.256678718064502,0.0552470284942797
40,-0.0792316411760843,0.120771560729967
40,0.0739798722444868,0.212327003620413
40,0.251527152834207,0.359529949471572
40,0.371866241926516,0.475889613742408
40,0.467838388400742,0.569669999957367
40,0.550426227797599,0.644909433840216
40,0.624809228430729,0.703967112672483
40,0.693835395495164,0.748277418008109
40,0.727032227607693,0.765267743525927
40,0.759550253179235,0.778906316622325
40,0.79151676993411,0.789259774747823
40,0.82318785359135,0.79641713158731
40,0.835796191529079,0.79838943376775
40,0.848376020667427,0.799854247109005
40,0.854656446481828,0.800396788119476
40,0.860931183081688,0.800813032608537
40,0.873465484448177,0.801267604293208
40,0.885982691938803,0.801220120362145
40,0.898496655070663,0.800672429929205
40,0.911037847476902,0.799623360037342
40,0.917320358120429,0.79891033333421
40,0.923611443528293,0.798071444052371
40,0.936221261892042,0.796015609246808
40,0.94887119459025,0.793455147938558
40,0.980697708485231,0.78484495802845
40,1.0128754786309,0.773080192059637
40,1.04565515000221,0.758087032230388
40,1.07919591628777,0.739802989172515
40,1.1491439636025,0.693174399976098
40,1.22483580876319,0.632274721554412
40,1.30924508939403,0.555875568620249
40,1.40782919202964,0.461882490103688
40,1.5321690083198,0.346705282154766
40,1.71700472942522,0.202978312614073
40,1.87773570727181,0.114694113725119
40,2.06512844038201,0.0521333678690138
40,2.45695264390836,0.00655191819483399
40,2.78008883351016,0.000769158501982648
40,3.05758471572158,8.98153245183301e-05
41,-2.7297654175623,7.04577439318204e-05
41,-2.36141436836395,0.000573028271388054
41,-1.93393830357998,0.0050214829327433
41,-1.43179080856002,0.0413782699067618
41,-1.19767459625153,0.0924635161651171
41,-0.999601695024351,0.165644397413832
41,-0.774536134136069,0.286323125024582
41,-0.624465504654329,0.38385948410367
41,-0.506062601659979,0.463746468720126
41,-0.404992025878621,0.528706774585919
41,-0.314512033630547,0.580364199904186
41,-0.230959498509043,0.619671056218226
41,-0.190906817415063,0.634949158492916
41,-0.151750967191145,0.647364137697453
41,-0.113300455494718,0.65696455859276
41,-0.0752614873112538,0.663811079949938
41,-0.0601355991430927,0.665779690079839
41,-0.0450521913903703,0.667309023337155
41,-0.0375246251237243,0.667909221466101
41,-0.0300055384479843,0.668399940322369
41,-0.0149899970830725,0.66905352047469
41,-1.51923290224306e-13,0.669271057639688
41,0.0149899970827686,0.669053520474692
41,0.0300055384476805,0.668399940322373
41,0.0375246251234204,0.667909221466105
41,0.0450521913900665,0.667309023337161
41,0.0601355991427887,0.665779690079847
41,0.0752614873109496,0.663811079949947
41,0.113300455494413,0.656964558592774
41,0.151750967190839,0.647364137697471
41,0.190906817414756,0.634949158492939
41,0.230959498508734,0.619671056218252
41,0.314512033630235,0.580364199904219
41,0.404992025878302,0.528706774585958
41,0.506062601659652,0.463746468720167
41,0.624465504653992,0.38385948410371
41,0.774536134135715,0.286323125024616
41,0.999601695023969,0.165644397413854
41,1.19767459625112,0.0924635161651298
41,1.43179080855958,0.0413782699067667
41,1.93393830357951,0.00502148293274302
41,2.36141436836411,0.0005730282713859
41,2.72976541756684,7.04577439296504e-05
42,-2.7297654175623,7.04577439318204e-05
42,-2.36141436836395,0.000573028271388054
42,-1.93393830357998,0.0050214829327433
42,-1.43179080856002,0.0413782699067618
42,-1.19767459625153,0.0924635161651171
42,-0.999601695024351,0.165644397413832
42,-0.774536134136069,0.286323125024582
42,-0.624465504654329,0.38385948410367
42,-0.506062601659979,0.463746468720126
42,-0.404992025878621,0.528706774585919
42,-0.314512033630547,0.580364199904186
42,-0.230959498509043,0.619671056218226
42,-0.190906817415063,0.634949158492916
42,-0.151750967191145,0.647364137697453
42,-0.113300455494718,0.65696455859276
42,-0.0752614873112538,0.663811079949938
42,-0.0601355991430927,0.665779690079839
42,-0.0450521913903703,0.667309023337155
42,-0.0375246251237243,0.667909221466101
42,-0.0300055384479843,0.668399940322369
42,-0.0149899970830725,0.66905352047469
42,-1.51923290224306e-13,0.669271057639688
42,0.0149899970827686,0.669053520474692
42,0.0300055384476805,0.668399940322373
42,0.0375246251234204,0.667909221466105
42,0.0450521913900665,0.667309023337161
42,0.0601355991427887,0.665779690079847
42,0.0752614873109496,0.663811079949947
42,0.113300455494413,0.656964558592774
42,0.151750967190839,0.647364137697471
42,0.190906817414756,0.634949158492939
42,0.230959498508734,0.619671056218252
42,0.314512033630235,0.580364199904219
42,0.404992025878302,0.528706774585958
42,0.506062601659652,0.463746468720167
42,0.624465504653992,0.38385948410371
42,0.774536134135715,0.286323125024616
42,0.999601695023969,0.165644397413854
42,1.19767459625112,0.0924635161651298
42,1.43179080855958,0.0413782699067667
42,1.93393830357951,0.00502148293274302
42,2.36141436836411,0.0005730282713859
42,2.72976541756684,7.04577439296504e-05
43,-2.08738483116217,7.71779264994833e-05
43,-1.76757810895998,0.000673058512182238
43,-1.40160685389614,0.00582509701894555
43,-0.964461594274287,0.0470542018457376
43,-0.757412650721202,0.10404906896263
43,-0.580487133694805,0.184661124795406
43,-0.37739528006077,0.315704186842278
43,-0.240738376120564,0.420124454638718
43,-0.132216265879731,0.504647136632937
43,-0.0390950596055235,0.572610903007848
43,0.0446242527437439,0.626005017003672
43,0.122222682578955,0.666040002126202
43,0.159517002141453,0.681363699149221
43,0.196039729074832,0.693638555077678
43,0.231943600851879,0.702923768536709
43,0.267510495511366,0.709297036740253
43,0.281669161874652,0.711035274415642
43,0.295796342274998,0.712311623148611
43,0.30284965291573,0.712777041800498
43,0.309896919498829,0.713127564913591
43,0.323975730759465,0.713484847123756
43,0.338037569916985,0.713385474653353
43,0.352096557759717,0.712831190438337
43,0.366186151809612,0.711821151123117
43,0.373244653017362,0.711144889092171
43,0.380313086231699,0.710354331899827
43,0.394482171385819,0.708430037445844
43,0.40869831226931,0.706047857611468
43,0.44447760552626,0.698089237571359
43,0.480672469631644,0.687273398612313
43,0.517556701932852,0.673542388976335
43,0.555322693251459,0.656844478709897
43,0.634178882413369,0.614410619558014
43,0.719668836488248,0.559225091653634
43,0.815228824590819,0.49030166956903
43,0.927191183107754,0.405922635444267
43,1.06900765524024,0.303159996283738
43,1.28120391259499,0.176027708626046
43,1.46719392086525,0.0987112303699229
43,1.68582066606835,0.0444673396248161
43,2.14941594779595,0.00548660249230484
43,2.53776867151284,0.000635908395901054
43,2.87021963833198,7.71971702571224e-05
44,-0.859742652396698,0.000100098800295151
44,-0.614557194504925,0.000873994774598833
44,-0.329272533822688,0.00739145616982464
44,0.0204306105433001,0.0580064591871739
44,0.18957245505405,0.126626440167235
44,0.33572488321641,0.2225333206846
44,0.505074714645472,0.377026124045387
44,0.619763455118352,0.499532492771112
44,0.71113596034679,0.598602566328842
44,0.789682523570407,0.67839126733458
44,0.860351710092807,0.741312647597363
44,0.925861056169943,0.788818593739037
44,0.95734218453627,0.807162575211984
44,0.988160374392283,0.821987507062765
44,1.01844220294331,0.833360881541736
44,1.04843074732356,0.841372656072953
44,1.06036390971406,0.843639029994689
44,1.07226699439272,0.84537030470468
44,1.07820838695939,0.84603565945107
44,1.08414360993424,0.846567742937801
44,1.09599732098142,0.847232988807475
44,1.10783164601391,0.847368059598486
44,1.11966406655714,0.846974558119717
44,1.13152016262322,0.846051118231693
44,1.13745829005445,0.845390098170521
44,1.14340373064522,0.844595953204529
44,1.15531835441251,0.842607656583592
44,1.16726767652151,0.840085205936006
44,1.19731719749291,0.831438981465681
44,1.22768179534121,0.819445777047607
44,1.25860181613877,0.804021498046475
44,1.29021779922112,0.785098924523825
44,1.35609152195175,0.736531649167602
44,1.42728310905438,0.672722049505167
44,1.50656669951655,0.592303835009122
44,1.59901875308616,0.492977897541986
44,1.71540937632642,0.370804945750264
44,1.88800831642739,0.217709817093119
44,2.03770754202557,0.123304355469894
44,2.21182514894347,0.0561845962817802
44,2.57458886629373,0.00709189906691115
44,2.87273210043143,0.000834607187981737
44,3.12910243270396,9.64421156218916e-05
45,-2.7297654175623,7.04577439318204e-05
45,-2.36141436836395,0.000573028271388054
45,-1.93393830357998,0.0050214829327433
45,-1.43179080856002,0.0413782699067618
45,-1.19767459625153,0.0924635161651171
45,-0.999601695024351,0.165644397413832
45,-0.774536134136069,0.286323125024582
45,-0.624465504654329,0.38385948410367
45,-0.506062601659979,0.463746468720126
45,-0.404992025878621,0.528706774585919
45,-0.314512033630547,0.580364199904186
45,-0.230959498509043,0.619671056218226
45,-0.190906817415063,0.634949158492916
45,-0.151750967191145,0.647364137697453
45,-0.113300455494718,0.65696455859276
45,-0.0752614873112538,0.663811079949938
45,-0.0601355991430927,0.665779690079839
45,-0.0450521913903703,0.667309023337155
45,-0.0375246251237243,0.667909221466101
45,-0.0300055384479843,0.668399940322369
45,-0.0149899970830725,0.66905352047469
45,-1.51923290224306e-13,0.669271057639688
45,0.0149899970827686,0.669053520474692
45,0.0300055384476805,0.668399940322373
45,0.0375246251234204,0.667909221466105
45,0.0450521913900665,0.667309023337161
45,0.0601355991427887,0.665779690079847
45,0.0752614873109496,0.663811079949947
45,0.113300455494413,0.656964558592774
45,0.151750967190839,0.647364137697471
45,0.190906817414756,0.634949158492939
45,0.230959498508734,0.619671056218252
45,0.314512033630235,0.580364199904219
45,0.404992025878302,0.528706774585958
45,0.506062601659652,0.463746468720167
45,0.624465504653992,0.38385948410371
45,0.774536134135715,0.286323125024616
45,0.999601695023969,0.165644397413854
45,1.19767459625112,0.0924635161651298
45,1.43179080855958,0.0413782699067667
45,1.93393830357951,0.00502148293274302
45,2.36141436836411,0.0005730282713859
45,2.72976541756684,7.04577439296504e-05
46,-3.53450451548458,8.0352100924511e-05
46,-3.13679309132916,0.00047649713080638
46,-2.61303642172387,0.00411346370302754
46,-2.00812322905967,0.0348522115584928
46,-1.73239758938511,0.0790432881096524
46,-1.50231965188859,0.143463182672544
46,-1.24457070745338,0.251767106214508
46,-1.0748689991167,0.341045829506185
46,-0.942209624629776,0.41544756754128
46,-0.829835251631422,0.477019227488069
46,-0.729894984104324,0.526973452634489
46,-0.638155855030451,0.565966572105967
46,-0.594371266307322,0.581532411811768
46,-0.551700632254416,0.594495246399002
46,-0.509870678120874,0.604897359984324
46,-0.468600985516436,0.612767893337802
46,-0.452224706878055,0.615203771600761
46,-0.4359133885336,0.617231793494459
46,-0.427780022517757,0.618092776950046
46,-0.419660435826142,0.618851723873075
46,-0.403459407724492,0.62006352875341
46,-0.387294319894417,0.620867749954365
46,-0.371129361489542,0.621264551709659
46,-0.354956047147947,0.6212517552167
46,-0.346864235548317,0.621091078311448
46,-0.338767906889277,0.620827205745785
46,-0.322558444226739,0.619988903108549
46,-0.306321126056002,0.618735015231881
46,-0.265562643089264,0.613772507438717
46,-0.224442015475007,0.606176419493619
46,-0.182648923607574,0.595876391457749
46,-0.140006907488312,0.582817679145618
46,-0.0513281517320718,0.548182344905779
46,0.0443003630916646,0.50144031487457
46,0.150706162850935,0.441534615543864
46,0.274902104641485,0.366762855692128
46,0.431797398484008,0.274358175948374
46,0.66657008219044,0.158898885623378
46,0.873260263086068,0.0885327179949417
46,1.11829867443571,0.0394270076959971
46,1.64962426813245,0.00469715568484056
46,2.11125666289669,0.000523400233648426
46,2.52153679306219,6.18612206693996e-05
47,-1.18791689662704,9.37429746921069e-05
47,-0.926789477692288,0.000822921493575747
47,-0.624786919425234,0.00700017384717072
47,-0.256678718064502,0.0552470284942797
47,-0.0792316411760843,0.120771560729967
47,0.0739798722444868,0.212327003620413
47,0.251527152834207,0.359529949471572
47,0.371866241926516,0.475889613742408
47,0.467838388400742,0.569669999957367
47,0.550426227797599,0.644909433840216
47,0.624809228430729,0.703967112672483
47,0.693835395495164,0.748277418008109
47,0.727032227607693,0.765267743525927
47,0.759550253179235,0.778906316622325
47,0.79151676993411,0.789259774747823
47,0.82318785359135,0.79641713158731
47,0.835796191529079,0.79838943376775
47,0.848376020667427,0.799854247109005
47,0.854656446481828,0.800396788119476
47,0.860931183081688,0.800813032608537
47,0.873465484448177,0.801267604293208
47,0.885982691938803,0.801220120362145
47,0.898496655070663,0.800672429929205
47,0.911037847476902,0.799623360037342
47,0.917320358120429,0.79891033333421
47,0.923611443528293,0.798071444052371
47,0.936221261892042,0.796015609246808
47,0.94887119459025,0.793455147938558
47,0.980697708485231,0.78484495802845
47,1.0128754786309,0.773080192059637
47,1.04565515000221,0.758087032230388
47,1.07919591628777,0.739802989172515
47,1.1491439636025,0.693174399976098
47,1.22483580876319,0.632274721554412
47,1.30924508939403,0.555875568620249
47,1.40782919202964,0.461882490103688
47,1.5321690083198,0.346705282154766
47,1.71700472942522,0.202978312614073
47,1.87773570727181,0.114694113725119
47,2.06512844038201,0.0521333678690138
47,2.45695264390836,0.00655191819483399
47,2.78008883351016,0.000769158501982648
47,3.05758471572158,8.98153245183301e-05
48,-2.7297654175623,7.04577439318204e-05
48,-2.36141436836395,0.000573028271388054
48,-1.93393830357998,0.0050214829327433
48,-1.43179080856002,0.0413782699067618
48,-1.19767459625153,0.0924635161651171
48,-0.999601695024351,0.165644397413832
48,-0.774536134136069,0.286323125024582
48,-0.624465504654329,0.38385948410367
48,-0.506062601659979,0.463746468720126
48,-0.404992025878621,0.528706774585919
48,-0.314512033630547,0.580364199904186
48,-0.230959498509043,0.619671056218226
48,-0.190906817415063,0.634949158492916
48,-0.151750967191145,0.647364137697453
48,-0.113300455494718,0.65696455859276
48,-0.0752614873112538,0.663811079949938
48,-0.0601355991430927,0.665779690079839
48,-0.0450521913903703,0.667309023337155
48,-0.0375246251237243,0.667909221466101
48,-0.0300055384479843,0.668399940322369
48,-0.0149899970830725,0.66905352047469
48,-1.51923290224306e-13,0.669271057639688
48,0.0149899970827686,0.669053520474692
48,0.0300055384476805,0.668399940322373
48,0.0375246251234204,0.667909221466105
48,0.0450521913900665,0.667309023337161
48,0.0601355991427887,0.665779690079847
48,0.0752614873109496,0.663811079949947
48,0.113300455494413,0.656964558592774
48,0.151750967190839,0.647364137697471
48,0.190906817414756,0.634949158492939
48,0.230959498508734,0.619671056218252
48,0.314512033630235,0.580364199904219
48,0.404992025878302,0.528706774585958
48,0.506062601659652,0.463746468720167
48,0.624465504653992,0.38385948410371
48,0.774536134135715,0.286323125024616
48,0.999601695023969,0.165644397413854
48,1.19767459625112,0.0924635161651298
48,1.43179080855958,0.0413782699067667
48,1.93393830357951,0.00502148293274302
48,2.36141436836411,0.0005730282713859
48,2.72976541756684,7.04577439296504e-05
49,-1.58737615367177,8.59488864477237e-05
49,-1.30267056984391,0.000756470622883006
49,-0.97540674612522,0.00648232838254029
49,-0.579861142372836,0.0516541598838838
49,-0.39052036081687,0.113405600844721
49,-0.227640648269548,0.200024061331777
49,-0.0394570601874025,0.339649828427164
49,0.0878492511402179,0.450115323214655
49,0.189295619874848,0.539096706819407
49,0.276565487313453,0.610379053438337
49,0.355166691167111,0.666196126780982
49,0.428123801724372,0.707915495734013
49,0.463218864042975,0.723838725180489
49,0.497605400878701,0.736562291130886
49,0.531417767817688,0.746151128234335
49,0.564924385053325,0.752691007676131
49,0.578266550514346,0.754458284410867
49,0.591580588242542,0.755742311564659
49,0.598228386788027,0.756203593096222
49,0.60487074227203,0.756544685749693
49,0.61814122257529,0.756867317782344
49,0.631396204282825,0.756712423619349
49,0.644647788514386,0.756081997116777
49,0.657929124286063,0.754975063250923
49,0.664583231382838,0.754242515915086
49,0.671246992650252,0.753390430640719
49,0.68460559471342,0.751327317750835
49,0.698009219119841,0.748785277389908
49,0.731744181588294,0.740335033123494
49,0.765867841778543,0.728896561187708
49,0.800640780579563,0.714405961587954
49,0.836241694023259,0.696805923566276
49,0.910549958879402,0.652123898347638
49,0.991059609134651,0.594029137755047
49,1.08096788256715,0.521427267898107
49,1.18615845647825,0.432425230808586
49,1.31912129388787,0.323780476507667
49,1.51738952609007,0.188840896688203
49,1.69041338000839,0.106355454875401
49,1.89283298274925,0.0481657690673178
49,2.31845280082652,0.00601047535563695
49,2.67149073261391,0.000702439921696504
49,2.97414018061614,8.33745731532935e-05
50,-2.7297654175623,7.04577439318204e-05
50,-2.36141436836395,0.000573028271388054
50,-1.93393830357998,0.0050214829327433
50,-1.43179080856002,0.0413782699067618
50,-1.19767459625153,0.0924635161651171
50,-0.999601695024351,0.165644397413832
50,-0.774536134136069,0.286323125024582
50,-0.624465504654329,0.38385948410367
50,-0.506062601659979,0.463746468720126
50,-0.404992025878621,0.528706774585919
50,-0.314512033630547,0.580364199904186
50,-0.230959498509043,0.619671056218226
50,-0.190906817415063,0.634949158492916
50,-0.151750967191145,0.647364137697453
50,-0.113300455494718,0.65696455859276
50,-0.0752614873112538,0.663811079949938
50,-0.0601355991430927,0.665779690079839
50,-0.0450521913903703,0.667309023337155
50,-0.0375246251237243,0.667909221466101
50,-0.0300055384479843,0.668399940322369
50,-0.0149899970830725,0.66905352047469
50,-1.51923290224306e-13,0.669271057639688
50,0.0149899970827686,0.669053520474692
50,0.0300055384476805,0.668399940322373
50,0.0375246251234204,0.667909221466105
50,0.0450521913900665,0.667309023337161
50,0.0601355991427887,0.665779690079847
50,0.0752614873109496,0.663811079949947
50,0.113300455494413,0.656964558592774
50,0.151750967190839,0.647364137697471
50,0.190906817414756,0.634949158492939
50,0.230959498508734,0.619671056218252
50,0.314512033630235,0.580364199904219
50,0.404992025878302,0.528706774585958
50,0.506062601659652,0.463746468720167
50,0.624465504653992,0.38385948410371
50,0.774536134135715,0.286323125024616
50,0.999601695023969,0.165644397413854
50,1.19767459625112,0.0924635161651298
50,1.43179080855958,0.0413782699067667
50,1.93393830357951,0.00502148293274302
50,2.36141436836411,0.0005730282713859
50,2.72976541756684,7.04577439296504e-05
